Feature ID	Taxon	Confidence
252b590690cf155945965e26ce2cf238	d__Bacteria; p__Firmicutes; c__Bacilli; o__Lactobacillales; f__Lactobacillaceae; g__Lactobacillus; s__Lactobacillus_fermentum	0.9145560778556903
ddd79a8b3daf58f308224e49b11b2a24	d__Bacteria; p__Firmicutes; c__Bacilli; o__Lactobacillales; f__Enterococcaceae; g__Enterococcus	0.9976547172587547
837c5cd50874a2752e2d226aceeb8569	d__Bacteria; p__Proteobacteria; c__Gammaproteobacteria; o__Enterobacterales; f__Enterobacteriaceae; g__Escherichia-Shigella	0.9574016263445468
8f7cf2b544dd56e6701816c0fbfb390c	d__Bacteria; p__Proteobacteria; c__Gammaproteobacteria; o__Enterobacterales; f__Enterobacteriaceae	0.9853420904283554
6657085581ac33603afe488606067eea	d__Bacteria; p__Bacteroidota; c__Bacteroidia; o__Bacteroidales; f__Bacteroidaceae; g__Bacteroides; s__Bacteroides_stercoris	0.9568850166637705
595a1ab1fbf6fb7a154b169604e0e280	Unassigned	0.588490904453192
edf6d3ac3b36f816ec7b40a5564e1ebf	d__Bacteria; p__Firmicutes; c__Clostridia; o__Lachnospirales; f__Lachnospiraceae; g__Agathobacter	0.9469798842092974
8e2da535041fca7c61c1636ca42da156	Unassigned	0.4453063526266431
960a80faf46138a55a8550a33cd18499	d__Bacteria; p__Bacteroidota; c__Bacteroidia; o__Bacteroidales; f__Bacteroidaceae; g__Bacteroides	0.9999999837548234
ac76d102caf414f3e8dff1da3b840171	Unassigned	0.7660324395613771
b86d25ea165e072752106e218adeffc8	d__Bacteria; p__Firmicutes; c__Bacilli; o__Staphylococcales; f__Staphylococcaceae; g__Staphylococcus	0.9702348825937094
0aa25fe9997f07a932484c3b5a10a0b2	d__Bacteria; p__Firmicutes; c__Bacilli; o__Bacillales; f__Bacillaceae; g__Bacillus	0.9994670438189783
f6b3e02ddb51771a55387ebe7c0b7f5d	Unassigned	0.5072729797007409
ce3ab90dada5391ca3cb9dd6b1401dd5	d__Eukaryota	0.9450696137647421
930227652a7112b1e8e0d1d2eb10eba7	Unassigned	0.905563869896169
b899e2ff8ff4cd80c0bd71d67f85e166	Unassigned	0.8891460242026855
d25b9a97403dea7dd5b828c764461776	d__Bacteria; p__Bacteroidota; c__Bacteroidia; o__Bacteroidales; f__Bacteroidaceae; g__Bacteroides	0.9999999601309004
9eec757b839600ae29e99f0f5013ad90	d__Eukaryota	0.9387821256185209
ab157c1ea1fae284fa924f8fe9e91323	d__Bacteria; p__Bacteroidota; c__Bacteroidia; o__Bacteroidales; f__Bacteroidaceae; g__Bacteroides; s__Bacteroides_stercoris	0.8679115842804919
56d63aa9bec966aad13a035a21e3b7ec	d__Bacteria; p__Bacteroidota; c__Bacteroidia; o__Bacteroidales; f__Bacteroidaceae; g__Bacteroides	0.9999999950028825
a75fc9cd810e4a5d34d90e53e6f81f1c	d__Bacteria; p__Bacteroidota; c__Bacteroidia; o__Bacteroidales; f__Rikenellaceae; g__Alistipes	0.9999998741322833
7492da7cff797c27188928e249d40076	d__Bacteria; p__Proteobacteria; c__Gammaproteobacteria; o__Pseudomonadales; f__Pseudomonadaceae; g__Pseudomonas	0.9998411109487765
e83c2018e5ac6c0f01b6c3086b7bbbd8	Unassigned	0.7571441336853526
4d22ad9c0335801c997a0271e328fc12	d__Bacteria; p__Bacteroidota; c__Bacteroidia; o__Bacteroidales; f__Bacteroidaceae; g__Bacteroides; s__Bacteroides_dorei	0.7457380264784119
e127b1a3b3a29436b9196bbcae09634c	d__Eukaryota	0.933286108748261
0552a1c04219f6f10d90f864770000d6	d__Bacteria; p__Firmicutes; c__Bacilli; o__Lactobacillales; f__Listeriaceae; g__Listeria	0.9999928774071082
b55cc19d9e50de5ada6128d604771abe	Unassigned	0.7841170412631174
50409fb67393939844207dac154a17e7	d__Eukaryota	0.9260429082870701
e18aba69c1319dae7fd64a5a21c1a993	d__Eukaryota	0.9457343964007688
2ea1496304b6132cc8cabe14e8da73ea	Unassigned	0.8349444705851037
123bcfbfc6b0cc94038679309034c98f	d__Eukaryota	0.9459183180272984
0aafa3e0ce506d942c4e064b96502b5e	Unassigned	0.7058201819776884
31139b2b98e3870f332d14e241979762	d__Bacteria; p__Proteobacteria; c__Alphaproteobacteria; o__Rhodospirillales; f__uncultured; g__uncultured; s__Azospirillum_sp.	0.9949263694855912
9de7f477e4a4686de3f7b21b3f755959	d__Bacteria; p__Bacteroidota; c__Bacteroidia; o__Bacteroidales; f__Bacteroidaceae; g__Bacteroides	0.9999999751447886
20e1524c74c2a5b07d1fd37d5d77e3a9	d__Bacteria; p__Bacteroidota; c__Bacteroidia; o__Bacteroidales; f__Bacteroidaceae; g__Bacteroides; s__Bacteroides_vulgatus	0.856810946182931
bdfd60e48926d8dfc158bc3be040d93a	d__Bacteria; p__Bacteroidota; c__Bacteroidia; o__Bacteroidales; f__Rikenellaceae; g__Alistipes	0.9999999901681286
16688ee0931264d4f79cec55e4373e2a	d__Bacteria; p__Proteobacteria; c__Gammaproteobacteria; o__Enterobacterales; f__Enterobacteriaceae; g__Escherichia-Shigella	0.9483681052699838
57591e0e32408ef5d965624ac7180b46	Unassigned	0.827598873252675
b1143b87a0219ca62a0d0a6ee2b84c80	d__Eukaryota	0.9286357507001769
8c337efbbdf886f11d740c13dcbdb00a	d__Bacteria; p__Firmicutes; c__Bacilli; o__Staphylococcales; f__Staphylococcaceae; g__Staphylococcus	0.9649724422740653
13ea3a1abc7883a0d1eb67e0e07512a6	d__Eukaryota	0.8041460628248772
12af4a9565fc73fc6ac6601ec2df37ec	d__Bacteria; p__Firmicutes; c__Clostridia; o__Lachnospirales; f__Lachnospiraceae; g__Lachnospiraceae_NK4A136_group	0.8767588442672047
5db019205b40cb628eabd2f25d2cf281	d__Bacteria; p__Proteobacteria; c__Gammaproteobacteria; o__Enterobacterales; f__Enterobacteriaceae	0.9785746264028921
33e7b2f80e1422e53821112d153c17d6	d__Bacteria; p__Firmicutes; c__Clostridia; o__Oscillospirales; f__Ruminococcaceae; g__Ruminococcus; s__Ruminococcus_bicirculans	0.9882242468227123
3878307dd507414635b5565aa7deb7b6	Unassigned	0.7578968922756546
091a661732f4a557722e19987c21afca	d__Bacteria; p__Bacteroidota; c__Bacteroidia; o__Bacteroidales; f__Tannerellaceae; g__Parabacteroides; s__Parabacteroides_merdae	0.9985853339529112
12a257d981961b84907bd52af4dc37e4	d__Bacteria; p__Firmicutes; c__Clostridia; o__Oscillospirales; f__Ruminococcaceae; g__Ruminococcus; s__Ruminococcus_bicirculans	0.9442724541472695
72f28393f7cbe1338541cb4039c94cd4	d__Bacteria; p__Firmicutes; c__Clostridia; o__Lachnospirales; f__Lachnospiraceae	0.9999996686682942
cd6547aa13350dad79ed76960b48f0f4	Unassigned	0.9177553825834385
17fb80a2f9f781d50ff5209a30a247ce	d__Bacteria; p__Bacteroidota; c__Bacteroidia; o__Bacteroidales; f__Bacteroidaceae; g__Bacteroides	0.9999999804389176
9dd832376ad90b0c89e33c56c8bbd4dd	Unassigned	0.8397965935508793
82e3410799d87aaa31dbb14d1df916d7	Unassigned	0.4078196685611878
83ea19929627c5c2e1239ea33c81fe38	d__Bacteria; p__Firmicutes; c__Clostridia; o__Lachnospirales; f__Lachnospiraceae; g__Lachnospira; s__uncultured_bacterium	0.7472009357858374
1e5b8e641a60b17cbb3de522225c8769	d__Bacteria; p__Bacteroidota; c__Bacteroidia; o__Bacteroidales; f__Bacteroidaceae; g__Bacteroides	0.9999978805641708
0ff1b3e352871bc7e5465b95536e1796	Unassigned	0.9581727400093817
0fdb364ddca36274dcb06bd2db264cb8	d__Bacteria; p__Firmicutes; c__Clostridia; o__Oscillospirales; f__Ruminococcaceae; g__Faecalibacterium	0.9999038300187197
192252a3fe0421c4a84f75080487264a	Unassigned	0.8437493402767249
841863368a81149e3b96407fd1e47b92	Unassigned	0.9530035094813142
5942c8378c15adad2a587898553091d6	Unassigned	0.9259230990111841
683161d24be57ca6c0c0c392827eb6ab	d__Eukaryota	0.9169997780955117
eb92133091705e6261727a9312bb00f8	d__Bacteria; p__Bacteroidota; c__Bacteroidia; o__Bacteroidales; f__Bacteroidaceae; g__Bacteroides	0.9999999861662782
8dfa6c6870ae9b55d19ab8986b919919	Unassigned	0.8328317688135808
e5abfabb563a54394735e110b2badd72	d__Bacteria; p__Firmicutes; c__Clostridia; o__Lachnospirales; f__Lachnospiraceae; g__Coprococcus	0.9919600885203326
747b1fbf79afc94857a10dfe3a600a4b	d__Bacteria; p__Proteobacteria; c__Gammaproteobacteria; o__Burkholderiales; f__Sutterellaceae; g__Sutterella; s__Sutterella_wadsworthensis	0.7595918789733354
8bc60bdcc122dce867abb6837879b613	d__Bacteria; p__Firmicutes; c__Clostridia; o__Oscillospirales; f__Ruminococcaceae	0.9955337972195618
005494eb7623cd73d6e7782a30771ee4	Unassigned	0.8657884118275757
0e8dd091b516649453e7080084a0be0b	d__Bacteria; p__Firmicutes; c__Clostridia; o__Oscillospirales; f__Ruminococcaceae; g__Faecalibacterium	0.9998330371110042
4ea17de897477fd565fcd42a8d95414e	Unassigned	0.6931217631869764
a56819ddd69b4e89e765d81da15de935	d__Bacteria; p__Bacteroidota; c__Bacteroidia; o__Bacteroidales; f__Bacteroidaceae; g__Bacteroides	0.9999999605963041
eb8b7e835a3d51d9166db7b5f615b09f	Unassigned	0.768362127816108
4314bd67c59a590a67776f658d110ad1	d__Bacteria; p__Firmicutes; c__Clostridia; o__Lachnospirales; f__Lachnospiraceae; g__Lachnospiraceae_NK4A136_group	0.8150753221334814
4a6784517f3ee30200d48197e1fd1880	d__Bacteria; p__Firmicutes; c__Clostridia; o__Oscillospirales; f__Ruminococcaceae; g__Faecalibacterium	0.9997875123523982
09309e111f6082e23e10c5152f9798ad	d__Bacteria; p__Bacteroidota; c__Bacteroidia; o__Bacteroidales; f__Bacteroidaceae; g__Bacteroides	0.9999999911162153
967109b0209091f9a57a7532f69b9a52	Unassigned	0.8186152471192973
6d83376a12629ac5e1dbacb8019bc00d	d__Bacteria; p__Firmicutes; c__Clostridia; o__Lachnospirales; f__Lachnospiraceae	0.9999987944561748
00550676d7dacf6e96312addc098e4f4	d__Eukaryota	0.9418518450119783
b1797e8beeb295ba8f64535609c72599	d__Bacteria; p__Bacteroidota; c__Bacteroidia; o__Bacteroidales; f__Bacteroidaceae; g__Bacteroides	0.9999999642647075
c2684635ef21535e5cca78e9b2a6cfc7	d__Bacteria; p__Bacteroidota; c__Bacteroidia; o__Bacteroidales; f__Rikenellaceae; g__Alistipes	0.9999999968537563
69106ee4ef109e22b6d0a3204f640b76	d__Bacteria; p__Firmicutes; c__Clostridia; o__Oscillospirales; f__Ruminococcaceae; g__Faecalibacterium	0.9995166568487621
4caae2fc9b30f86a6e0b997f170619d8	d__Bacteria; p__Bacteroidota; c__Bacteroidia; o__Bacteroidales; f__Bacteroidaceae; g__Bacteroides; s__Bacteroides_vulgatus	0.8598840934244631
669dd79eb4d0deb9a952388e488da5e9	d__Bacteria; p__Bacteroidota; c__Bacteroidia; o__Bacteroidales; f__Bacteroidaceae; g__Bacteroides; s__Bacteroides_finegoldii	0.975602098301348
e268d7d90f9f20c6a5d360793984af45	Unassigned	0.9191163374352729
a7fb642032b54ebf2cdba553ddbf9701	d__Bacteria; p__Firmicutes; c__Clostridia; o__Lachnospirales; f__Lachnospiraceae; g__[Eubacterium]_eligens_group	0.9970629961328465
b12fc25ffdccaa1dbd31033641b55e36	Unassigned	0.9478717469623272
ea8cc02cccdb04eb7a2bf1786b824a02	Unassigned	0.9100642483160851
45981247bf533ad1796fe881ba95f1a1	d__Bacteria; p__Firmicutes; c__Clostridia; o__Lachnospirales; f__Lachnospiraceae; g__Blautia	0.9919700639039458
6706bdf4d46687b3c1fd00c810a6ea01	d__Bacteria; p__Firmicutes; c__Clostridia; o__Oscillospirales; f__Oscillospiraceae; g__UCG-003	0.9990384498111324
5fd8e3d60e450a8b68e2f6b93bd333de	d__Bacteria; p__Firmicutes; c__Negativicutes; o__Acidaminococcales; f__Acidaminococcaceae; g__Phascolarctobacterium	0.9999994181908503
b0efc1502d3371ff77b7ebd8a64aa800	d__Bacteria; p__Firmicutes; c__Clostridia; o__Lachnospirales; f__Lachnospiraceae; g__Fusicatenibacter	0.996896732610606
2544580458df3fccfc7e1dc85f28aa93	d__Bacteria; p__Proteobacteria; c__Gammaproteobacteria; o__Burkholderiales; f__Sutterellaceae; g__Sutterella; s__Sutterella_wadsworthensis	0.8532213419600158
1ef1db9b2a4605bba32590e99f943668	d__Eukaryota	0.9431790755927084
d33b0289567b6bdbe97fb8ebb9e987bf	Unassigned	0.31392197946960665
641e0b7e3fc8d58832e2504bd4c0308f	d__Bacteria; p__Firmicutes; c__Clostridia; o__Lachnospirales; f__Lachnospiraceae; g__[Eubacterium]_eligens_group	0.9975262306222237
cff467d9f8adb1f0b580f2f50696b694	d__Bacteria; p__Firmicutes; c__Clostridia; o__Oscillospirales; f__Ruminococcaceae; g__Subdoligranulum	0.9998645685387613
fd9967c06f687796995e8bd7cfc7fbbb	Unassigned	0.9184794516612814
afff86946b6158661661576be3b6df77	d__Bacteria; p__Bacteroidota; c__Bacteroidia; o__Bacteroidales; f__Barnesiellaceae; g__Barnesiella	0.999999954833261
70bc80c7f049e13da3b7ac4aa6eb4547	d__Bacteria; p__Proteobacteria; c__Gammaproteobacteria; o__Burkholderiales; f__Sutterellaceae; g__Sutterella; s__gut_metagenome	0.8252143151859077
e3e1d62440f939181c9896f372a8955d	Unassigned	0.9493738972418853
1f27363e47ef382f3c5a5a71dab1b519	Unassigned	0.7996133895097184
f184c9b39ec31e44cfc7294d494ef5de	Unassigned	0.9601029980129487
028f9596e974ee47b735ba8ee8a328f3	d__Eukaryota	0.9224586840987292
33a6b84f72d1998886a5fdae0b0b43bf	Unassigned	0.8074904217040499
c1b74b9cbdfebf22bc293977713efb7f	d__Eukaryota	0.9561451147048676
ca07e3a036eef513fd2c6028837d5b5b	d__Eukaryota	0.9378136924588029
3f698e5fcf89b15ab9d457df604da0f3	d__Bacteria; p__Firmicutes; c__Clostridia; o__Lachnospirales; f__Lachnospiraceae; g__Roseburia	0.9735480843641559
32604a92c0df2a7bf4a6e6a109e6fa4a	Unassigned	0.7542732079870729
8d4119d77c5d7ad9c58bb85636d0c412	d__Bacteria; p__Firmicutes; c__Clostridia; o__Oscillospirales; f__Ruminococcaceae; g__Subdoligranulum; s__uncultured_bacterium	0.7232049265900227
d5ff6236991611893c23e9ccf45f6156	d__Bacteria; p__Firmicutes; c__Clostridia; o__Oscillospirales; f__Oscillospiraceae; g__NK4A214_group	0.9820262998320038
242654bde7f66796199f59586be69f90	Unassigned	0.8142663915278084
2e5b0509e19f5abbfa49c955e441e93c	Unassigned	0.7821598893226341
aaf264637d239a4c71a5766492a048ce	Unassigned	0.557290862990515
09566d1ab7c9d5a5e3e36c7963f6ea0c	d__Bacteria; p__Firmicutes; c__Clostridia; o__Peptostreptococcales-Tissierellales; f__Peptostreptococcaceae; g__Romboutsia	0.9319765784836319
c1c17a133e5d3d4e01aa8392a1d5f144	Unassigned	0.8402299305364246
cc9aac9825879d8e7d94efc5f4cc9a30	d__Eukaryota	0.9189044249102605
1f9f429e43e123e8566c645bbf36584d	Unassigned	0.9601060393648846
288bdf5c3bde2e5df7c65afaa2dfec75	d__Bacteria; p__Firmicutes; c__Clostridia; o__Oscillospirales; f__Oscillospiraceae; g__UCG-002; s__uncultured_organism	0.8717642975079813
17bcf2746803d36228d47386c5e02bc3	d__Bacteria; p__Proteobacteria; c__Alphaproteobacteria; o__Rhodospirillales; f__uncultured; g__uncultured; s__gut_metagenome	0.9994585308779086
9b8cab43cda20d60202b3b2091770dea	Unassigned	0.7255103776416452
efa4b1172ad41c3021e15c991157adb7	d__Bacteria; p__Firmicutes; c__Clostridia; o__Oscillospirales; f__Oscillospiraceae; g__UCG-002	0.9991911150199346
92f8bf9146c018df09f16871d6b2fe1a	d__Bacteria; p__Firmicutes; c__Clostridia; o__Lachnospirales; f__Lachnospiraceae; g__Roseburia	0.985322569545957
247a4db1d3fbc498c959a8a524e40dbb	Unassigned	0.884038508423505
c7d7bd314bd22640f7969bbe37d22122	d__Bacteria; p__Firmicutes; c__Clostridia; o__Monoglobales; f__Monoglobaceae; g__Monoglobus	0.9999983789419334
85aef28799e2e7b171b9d609387ee650	Unassigned	0.9517811794042221
101a5a6b33cd5557a52ba562bd4ccbd1	d__Bacteria; p__Firmicutes; c__Clostridia; o__Oscillospirales; f__Oscillospiraceae; g__Oscillibacter	0.9995982237160947
f8ccb887dd5a490b9c950839128e9320	d__Bacteria; p__Firmicutes; c__Clostridia; o__Lachnospirales; f__Lachnospiraceae; g__[Eubacterium]_hallii_group	0.9999802448625674
884df8826417b90fffe9138b35873400	Unassigned	0.9574425877018546
b2b52a079d35fb010613141ff0b0597f	d__Bacteria; p__Bacteroidota; c__Bacteroidia; o__Bacteroidales; f__Bacteroidaceae; g__Bacteroides	0.9999999931520422
0bb983a2000b87e148b44f8ac6fd254f	d__Bacteria; p__Firmicutes; c__Clostridia; o__Oscillospirales; f__[Eubacterium]_coprostanoligenes_group; g__[Eubacterium]_coprostanoligenes_group; s__gut_metagenome	0.7933616005995406
93f45ea9daf10ba924f3a94ad8b8754a	d__Bacteria; p__Firmicutes; c__Clostridia; o__Lachnospirales; f__Lachnospiraceae; g__Anaerostipes	0.9998301363435548
149712ab5e92bd78454f6cec4ad7706b	Unassigned	0.9364613198023917
8cf02f99d61bbb5cbd895a77dc833356	d__Bacteria; p__Bacteroidota; c__Bacteroidia; o__Bacteroidales; f__Bacteroidaceae; g__Bacteroides	0.9999999933409155
3dad9493de2e1f9eee172da412ad8492	d__Bacteria; p__Bacteroidota; c__Bacteroidia; o__Bacteroidales; f__Muribaculaceae; g__Muribaculaceae; s__uncultured_bacterium	0.8082344556186787
f1ea46bab302153aff557d08e2c3d27c	d__Bacteria; p__Bacteroidota; c__Bacteroidia; o__Bacteroidales; f__Marinifilaceae; g__Odoribacter; s__Odoribacter_splanchnicus	0.963757168129414
275c4783e4fa54cbd9ac914e1e0ac8c6	Unassigned	0.540189723653769
204fe8d199779def50d3c5087ff05dcc	Unassigned	0.9345401703632784
4fe3a6c2d07439bd60bf5de72f885630	Unassigned	0.9187941777835086
0c768981fc04cee857a1fbf3d5021ef5	d__Bacteria; p__Firmicutes; c__Clostridia; o__Lachnospirales; f__Lachnospiraceae; g__Lachnospiraceae_UCG-004	0.8445606901177624
a6de5c1a47b4bb9b794a29d8b7240cdc	d__Bacteria; p__Bacteroidota; c__Bacteroidia; o__Bacteroidales; f__Muribaculaceae; g__Muribaculaceae; s__uncultured_Barnesiella	0.8791454656687417
ead7edc54160fbae5dbbcb56185d4fcd	Unassigned	0.87172701584437
042bed9ad914d2fc88e0aac2f4e52f41	d__Bacteria; p__Firmicutes; c__Clostridia; o__Lachnospirales; f__Lachnospiraceae; g__Roseburia	0.9882094057328493
c2e5d009d1a9e25961108346ec5ff9a5	d__Bacteria; p__Firmicutes; c__Clostridia; o__Oscillospirales; f__Butyricicoccaceae; g__Butyricicoccus; s__Butyricicoccus_sp.	0.7586351073522897
631761d16601388a2e0a4ccf7d74d294	Unassigned	0.8210555179790767
dd3b1b78a4f05c41607c9c08698bb983	d__Bacteria; p__Firmicutes; c__Clostridia; o__Oscillospirales; f__Ruminococcaceae; g__Ruminococcus; s__Ruminococcus_callidus	0.9431621046156559
cece7e85f44ef2d6c6e3ddae1a21fe44	Unassigned	0.787976276268755
f7a19e87cac1b4f9dd3e299967b301ee	d__Bacteria; p__Firmicutes; c__Clostridia; o__Oscillospirales; f__Oscillospiraceae; g__UCG-002	0.9969163332575648
c55f6c19b279986cc251ab60bdbc561b	d__Eukaryota	0.9373927124724628
d1e8e79fd9e0a0be37b6b8b2a83a9466	d__Bacteria; p__Firmicutes; c__Negativicutes; o__Acidaminococcales; f__Acidaminococcaceae; g__Phascolarctobacterium; s__uncultured_Firmicutes	0.8150619837862142
f4e2214d443b35918a2eda6014338848	d__Bacteria; p__Firmicutes; c__Clostridia; o__Lachnospirales; f__Lachnospiraceae; g__[Eubacterium]_xylanophilum_group	0.9775663583007308
c6d2de9425d9e64144cfa7ab461f46ee	Unassigned	0.7802836416022118
ca73681106b67d96a54e0ae80b8eb1f0	d__Bacteria; p__Firmicutes; c__Clostridia; o__Oscillospirales; f__Oscillospiraceae; g__Colidextribacter	0.9914711684007932
6282ef34a475cd4f43c87568664d7326	d__Bacteria; p__Bacteroidota; c__Bacteroidia; o__Bacteroidales; f__Bacteroidaceae; g__Bacteroides	0.9999999460355766
a2db580766ca70fa28a41a8876884f1d	d__Bacteria; p__Bacteroidota; c__Bacteroidia; o__Bacteroidales; f__Marinifilaceae; g__Odoribacter; s__Odoribacter_splanchnicus	0.7675283577020757
918edbee3faa5d481f388f8a03b78a6c	Unassigned	0.759035727401093
a05ca9458853c65593cd374775c73a73	Unassigned	0.8816317754695154
c6ae91516a2354e9d7ee12997c90642d	d__Bacteria; p__Firmicutes; c__Clostridia; o__Oscillospirales; f__Oscillospiraceae; g__NK4A214_group	0.9826986780146989
ee567cf223030b6d9d92f4c9625721c3	Unassigned	0.8918745984318872
026f830c297aa1d4abd70a648bdf63ba	Unassigned	0.8639487892015959
e258ed2027faa84a49df596dec6808b2	d__Bacteria; p__Firmicutes; c__Clostridia; o__Lachnospirales; f__Lachnospiraceae; g__Lachnospiraceae_UCG-001	0.8715813191529879
9616bfe4f241873a314ecbe553aa1694	Unassigned	0.7259213237122536
6d2ee9baf2e8475fd9fc44b436f33fc4	d__Bacteria; p__Proteobacteria; c__Gammaproteobacteria; o__Burkholderiales; f__Sutterellaceae; g__Sutterella; s__gut_metagenome	0.8408885589040206
ebd354c42cd014cd0cae994947d20de6	d__Bacteria; p__Firmicutes; c__Clostridia; o__Oscillospirales; f__Oscillospiraceae; g__uncultured; s__Clostridium_sp.	0.8068001311804446
ef38cddca589d93c9ba5d91a009725c0	d__Bacteria; p__Firmicutes; c__Clostridia; o__Oscillospirales; f__Ruminococcaceae; g__Ruminococcus	0.9980329916940358
4c6cbc8aabf6c51ed5cc194b21c7241a	d__Bacteria; p__Firmicutes; c__Clostridia; o__Oscillospirales; f__Ruminococcaceae; g__Faecalibacterium	0.9998539274757179
856e7d5b9317fc4bde5af096ccc5227d	Unassigned	0.8200439358171899
e1f6985a5030cec166f2a6559d7638e8	d__Bacteria; p__Bacteroidota; c__Bacteroidia; o__Bacteroidales; f__Tannerellaceae; g__Parabacteroides	0.9999999621498992
d0e190cba0671e4904819db24cfb7f05	Unassigned	0.8016785988173933
4746a59aa0a0570b472146498e1f4c43	d__Bacteria; p__Firmicutes; c__Clostridia; o__Lachnospirales; f__Lachnospiraceae; g__[Eubacterium]_hallii_group	0.9999724153997216
ecb7fc9dd5664388df1fa9db2f22ac67	Unassigned	0.6284414505359737
981baf1b20e30cf4c5350304e4c1343d	d__Bacteria; p__Firmicutes; c__Clostridia; o__Lachnospirales; f__Lachnospiraceae	0.9999998400410869
d9e676421372e78ade20e63978fecd18	d__Bacteria; p__Firmicutes; c__Clostridia; o__Oscillospirales; f__Ruminococcaceae; g__Faecalibacterium	0.9998093696653546
cc8bdf386cb6fcd0a822a2653d54a02a	Unassigned	0.9358820403073257
708cd597b872a9991972707dc1bcd870	Unassigned	0.7607103507674893
c50ef5a35dfadcf78b30200f792cf6b5	d__Bacteria; p__Firmicutes; c__Clostridia; o__Lachnospirales; f__Lachnospiraceae; g__Anaerostipes	0.9999513294279203
b104e50c5c459d1869370461c0bcdbb5	Unassigned	0.9580638469885743
37167b5ed9cf09f35a31b2d6bae9e119	Unassigned	0.7093261810179026
34d4eac1af097a12fd9ae019de237312	d__Bacteria; p__Firmicutes; c__Clostridia; o__Lachnospirales; f__Lachnospiraceae; g__Blautia	0.9958037962470936
5ff393a31dcbaeb825e95a6f4b42c77b	d__Bacteria; p__Bacteroidota; c__Bacteroidia; o__Bacteroidales; f__Tannerellaceae; g__Parabacteroides	0.9999999445719284
77619258de8a46f423805b2ba7804fbe	Unassigned	0.902698543136199
d86d8d49fb0c0202981dda7965cad4e7	Unassigned	0.9200001793016277
0a04fa12469696e5c1b4546a3ab8265e	d__Bacteria; p__Bacteroidota; c__Bacteroidia; o__Bacteroidales; f__Muribaculaceae; g__Muribaculaceae; s__uncultured_Barnesiella	0.7151406131919613
9264fce8982e878e0c6c8adba3aa22f3	d__Bacteria; p__Firmicutes; c__Clostridia; o__Lachnospirales; f__Lachnospiraceae; g__Blautia	0.9910115165738206
cda69c836c41623a202089ccfbcccf82	d__Bacteria; p__Firmicutes; c__Clostridia; o__Monoglobales; f__Monoglobaceae; g__Monoglobus	0.9996714856767471
a4c5451a984e627310f9a748512d2465	d__Eukaryota	0.8454025369168406
a53c883c7e11c315f3614decc0c65ffe	d__Bacteria; p__Bacteroidota; c__Bacteroidia; o__Bacteroidales; f__Bacteroidaceae; g__Bacteroides	0.9999999395104093
b3aeeac27db541e53c0fff886c74f63e	Unassigned	0.933331235103942
1086ae9fab7f6b4dd8b53c8c21c44974	Unassigned	0.9155259668466843
c1ad1159e0c84939459378e389b85863	d__Bacteria; p__Firmicutes; c__Clostridia; o__Lachnospirales; f__Lachnospiraceae; g__[Ruminococcus]_torques_group	0.9833102962139775
9b171f22809cc4110e6029874987263a	Unassigned	0.9655561066154713
1fcc576482cc6d33a40bedec21267f5d	d__Bacteria; p__Firmicutes; c__Clostridia; o__Lachnospirales; f__Lachnospiraceae; g__Dorea	0.975283309451868
46bc618476476bf92802b4596f6bcd64	d__Bacteria; p__Bacteroidota; c__Bacteroidia; o__Bacteroidales; f__Bacteroidaceae; g__Bacteroides	0.9999999166172233
a9323e0e13f41725f1f2d36d999a2014	d__Bacteria; p__Bacteroidota; c__Bacteroidia; o__Bacteroidales; f__Rikenellaceae; g__Alistipes; s__Alistipes_shahii	0.9626517554729676
7007bf29b2ad9c1f80e3ac1ae4f97468	d__Bacteria; p__Proteobacteria; c__Gammaproteobacteria; o__Burkholderiales; f__Sutterellaceae; g__Parasutterella	0.999999999260007
818b5fb537fc5b10359badd4b72e4e8f	Unassigned	0.6750030419862108
b867bde02a126597c180191acb5d40a8	d__Bacteria; p__Firmicutes; c__Clostridia; o__Lachnospirales; f__Lachnospiraceae; g__Blautia	0.9903699363213572
b236cc687f01b029cd05e3c67c6276ef	Unassigned	0.8228087122812715
0b73ebeca17ed08b55d7489e0363bc1e	Unassigned	0.9420252375862108
4156c817bc99a7d0fb030b5785d4bfe8	d__Bacteria; p__Proteobacteria; c__Gammaproteobacteria; o__Burkholderiales; f__Sutterellaceae; g__Sutterella; s__gut_metagenome	0.8561900529787856
01c580a706354ee36c8cdcab28c4ec18	d__Bacteria; p__Firmicutes; c__Clostridia; o__Lachnospirales; f__Lachnospiraceae; g__Lachnospiraceae_UCG-001; s__Lachnospiraceae_bacterium	0.9582014667408607
b323e1ef9fe352ace6d39a281447b874	d__Eukaryota	0.9444690691424128
a4e55ab5e69c1f8336852823c469230a	Unassigned	0.7795137832810612
0aca20da7b62db74a2087f1f5ec0a704	Unassigned	0.9513385290999187
5bd662324d9db2ddb3068083e8b71f57	Unassigned	0.9062548863491021
e19e2e8d86f79697d0ab718bb04f8283	d__Bacteria; p__Bacteroidota; c__Bacteroidia; o__Bacteroidales; f__Muribaculaceae; g__Muribaculaceae	0.9997621192528392
011f1335005b5fa03d49f62afbb87440	d__Bacteria; p__Firmicutes; c__Clostridia; o__Lachnospirales; f__Lachnospiraceae; g__[Ruminococcus]_torques_group	0.980807300796959
5e0ee8574821d82e0d42f37712f621a5	d__Bacteria; p__Firmicutes; c__Clostridia; o__Oscillospirales; f__Oscillospiraceae; g__UCG-003	0.9993384935019153
781f880b4ddf90b161ea144aec158af5	Unassigned	0.9295315419122002
ac576573b75e409ea4d507a7115ff3ba	d__Bacteria; p__Firmicutes; c__Clostridia; o__Lachnospirales; f__Lachnospiraceae; g__Lachnospira	0.9891859245482358
05d7e6d034e958fc58d2b5d57186da31	d__Bacteria; p__Firmicutes; c__Clostridia; o__Lachnospirales; f__Lachnospiraceae	0.9999458978561079
bbd049b0fdab3770a58334d35900c67a	Unassigned	0.7858965381295925
1f273e722736b2c6b1297fa41241e2bd	Unassigned	0.6759756533515302
b44faa6ccbb5e7d369a260a5cf6deff5	Unassigned	0.7798273614764044
0bab068bf4f9c2573e90592532b21e90	d__Bacteria; p__Firmicutes; c__Clostridia; o__Lachnospirales; f__Lachnospiraceae	0.9999982888014748
2f35be4ca02a552451b92afa9a486081	Unassigned	0.8837759998296776
a7a67119a3e94b1fad7b4584d7fcb7b0	d__Bacteria; p__Bacteroidota; c__Bacteroidia; o__Bacteroidales; f__Tannerellaceae; g__Parabacteroides	0.9999997319509112
f3228c7f892b501d81a5fc2fec5069f0	d__Bacteria; p__Firmicutes; c__Clostridia; o__Lachnospirales; f__Lachnospiraceae; g__[Eubacterium]_hallii_group	0.9999574399717585
38faf7b6af1f87d068d9d41da998875e	d__Bacteria; p__Firmicutes; c__Clostridia; o__Oscillospirales; f__Ruminococcaceae; g__[Eubacterium]_siraeum_group	0.9994887699606313
028b345567a5b38ebee2be6a53d81bd7	Unassigned	0.8760508492001093
d7b9d246e4a6291c7a678349cfd3d71e	d__Bacteria; p__Firmicutes; c__Clostridia; o__Lachnospirales; f__Lachnospiraceae; g__Dorea; s__Dorea_formicigenerans	0.7124246035493463
5ecfe49973fa9ff52f085d4071d64142	Unassigned	0.6835430144557042
1d73aeb064373956184ce6254d394472	Unassigned	0.3891154097886763
27ae30553ac789fdd0178edfa8583b75	Unassigned	0.5006064237549729
c33af9c25a52988117c5bbd6461615dd	d__Bacteria; p__Firmicutes; c__Clostridia; o__Oscillospirales; f__Ruminococcaceae; g__Subdoligranulum	0.9993614368628074
49db32b0fada0667628de78324b56aeb	d__Bacteria; p__Firmicutes; c__Bacilli; o__Erysipelotrichales; f__Erysipelatoclostridiaceae; g__Erysipelotrichaceae_UCG-003	0.9999992719785076
a66e229fa1150dfa0904d448eafb1d37	d__Bacteria; p__Firmicutes; c__Clostridia; o__Oscillospirales; f__Ruminococcaceae; g__Faecalibacterium	0.9993332893825013
69e0f7e153c3c1b6e146d5494a96f09b	d__Eukaryota	0.9542973834045237
196e6d0a71b53fa023b48c7dc0f18a2a	d__Bacteria; p__Firmicutes; c__Clostridia; o__Lachnospirales; f__Lachnospiraceae; g__Lachnoclostridium; s__human_gut	0.7131996273371505
028a5541d0292edd63573befa51ebf22	d__Bacteria; p__Firmicutes; c__Clostridia; o__Lachnospirales; f__Lachnospiraceae; g__Coprococcus	0.9111085499915125
61a373660ac29e28683e14678aa0cf8c	Unassigned	0.8697308731475024
33603457add00c31d74105c2d4621843	d__Bacteria; p__Bacteroidota; c__Bacteroidia; o__Bacteroidales; f__Tannerellaceae; g__Parabacteroides	0.9999998947234805
fc473c56b78e4811304b6e2970e8becf	Unassigned	0.8507482471644318
042bb276d16c033e14173ac53d6abf62	Unassigned	0.904921101367273
1624882249cc9cbe971ca62ff9985195	Unassigned	0.7850268027476612
6303e5df2af30a4328292529ed23426c	d__Bacteria; p__Proteobacteria; c__Gammaproteobacteria; o__Burkholderiales; f__Sutterellaceae; g__Sutterella; s__gut_metagenome	0.9031691977125784
e5a020d458cae410a49eec36ba816c5f	Unassigned	0.7575100409447539
f99ff6c275db7c39e474b493934fddd3	d__Bacteria; p__Firmicutes; c__Clostridia; o__Clostridiales; f__Clostridiaceae; g__Clostridium_sensu_stricto_1	0.9998159339076326
d68a29c91a63215e700c274d238ea30e	Unassigned	0.9029575927499035
fb1ab51ad77867d9fdc4d9959f2271a4	Unassigned	0.932845147831428
e0aaa1b58345b82348b4bf18687a6233	d__Eukaryota	0.9372784384479413
01eebca185e8a9a1b34c8802f4a1a5d1	d__Bacteria; p__Firmicutes; c__Clostridia; o__Lachnospirales; f__Lachnospiraceae; g__Roseburia	0.9002138637423616
b1b122356bfec3505f4637b62a8d308e	d__Bacteria; p__Firmicutes; c__Clostridia; o__Lachnospirales; f__Lachnospiraceae; g__Blautia	0.9942261703781197
c7d5491812253d73155eb078806165cf	Unassigned	0.7051085914142708
7b94bce299cd81aabe63f23bf228f1dd	Unassigned	0.7880735654979099
f951ad8539528edebb8ad38018486ed1	Unassigned	0.8518068002603297
868818426211e448169bfab1acb80f53	d__Bacteria; p__Bacteroidota; c__Bacteroidia; o__Bacteroidales; f__Marinifilaceae; g__Odoribacter	0.9999999820497276
8ffe16768359ae052d7383b19cf33aa7	d__Bacteria; p__Bacteroidota; c__Bacteroidia; o__Bacteroidales; f__Tannerellaceae; g__Parabacteroides	0.9999999512738387
2b5c2b9a6ee03e00459ac3dea18b74bf	d__Bacteria; p__Firmicutes; c__Clostridia; o__Oscillospirales; f__Oscillospiraceae; g__uncultured	0.9783969509179705
16fb85f577d1927fe955f54e5552e3e8	Unassigned	0.9279834835704663
66945281a02c3eeb3b92d06ae78ccd77	Unassigned	0.8276861193086767
8fe66bb7fa70c3727d857ffe86cfa6e3	Unassigned	0.7762121001700284
ae867f35903715a7261c5f326ebed169	d__Bacteria; p__Firmicutes; c__Clostridia; o__Lachnospirales; f__Lachnospiraceae; g__Lachnospira	0.9904478100842599
aec0e1db6daa24f479f9d73b8fd92ea0	Unassigned	0.6335678264082927
d2bcf2fd259cd575129e240cc814a6e0	d__Eukaryota	0.9595339393812704
744baa73abc89ba22fa46a5ad7fb5e7b	d__Bacteria; p__Desulfobacterota; c__Desulfovibrionia; o__Desulfovibrionales; f__Desulfovibrionaceae; g__Bilophila	0.9999801739727794
2bafaf1ee4a6445711469be04c98f880	Unassigned	0.8208661607010799
65a3212b0d975f1bea1567a5c27a3700	d__Eukaryota	0.9394352472513874
6b8eef181dea05056bdfab5e3087476b	Unassigned	0.749295611119611
5cea653ac8f56e3802d9f01e2cfcebbd	Unassigned	0.948034618652545
50a407c206b2aefd88c03750e9253a59	d__Bacteria; p__Firmicutes; c__Clostridia; o__Lachnospirales; f__Lachnospiraceae; g__Coprococcus	0.9993077451054863
01fd149546674159cb239872c7935016	d__Bacteria; p__Firmicutes; c__Clostridia; o__Lachnospirales; f__Lachnospiraceae; g__Coprococcus	0.9141696320599926
74e1596c1a269ec5c379b8632c318fb2	Unassigned	0.9371967415664537
8c90b649fadb6950de297adf6d075e4e	Unassigned	0.5647035890935743
7bbb76183eae955d653442018bd33bcc	d__Bacteria; p__Firmicutes; c__Clostridia; o__Oscillospirales; f__Ruminococcaceae; g__Faecalibacterium	0.999637707204267
4f830ece4639b95dc3f8d2db5c8009c1	d__Bacteria; p__Firmicutes; c__Clostridia; o__Oscillospirales; f__[Eubacterium]_coprostanoligenes_group; g__[Eubacterium]_coprostanoligenes_group	0.9998960203258931
67e3dade155498c855e76de8617eb6df	Unassigned	0.7468444461906025
e526c794fee653c7e65fcf17d2634d72	d__Bacteria; p__Firmicutes; c__Clostridia; o__Lachnospirales; f__Lachnospiraceae	0.9999841828166924
27d0325c517797337c6b92928fdfb20a	d__Bacteria; p__Firmicutes; c__Clostridia; o__Clostridiales; f__Clostridiaceae; g__Clostridium_sensu_stricto_1; s__Clostridium_paraputrificum	0.840737674588465
318f363aeb7b282c0dcbc812076afbe2	Unassigned	0.9569631172776131
c5e3c362993c22166c8a670a94ae108d	d__Bacteria; p__Firmicutes; c__Clostridia; o__Oscillospirales; f__Butyricicoccaceae; g__Butyricicoccus	0.999989561526654
59dd3d7257c60f4a26c708f62e5ff890	d__Bacteria; p__Firmicutes; c__Clostridia; o__Lachnospirales; f__Lachnospiraceae; g__[Eubacterium]_ventriosum_group	0.9968117954639371
68aabf35378a7ca94f11a7311ccec30a	d__Bacteria; p__Firmicutes; c__Clostridia; o__Lachnospirales; f__Lachnospiraceae; g__Agathobacter; s__Eubacterium_ramulus	0.893215313226448
42d5fd322bbb85713292982a39ea9751	Unassigned	0.979617509605856
0437e56ea6b75e4a09a71e5fe352e7de	d__Bacteria; p__Bacteroidota; c__Bacteroidia; o__Bacteroidales; f__Rikenellaceae; g__Alistipes; s__Alistipes_inops	0.9999991010656747
a8a97fb835b7355ef9d727a5a9215840	d__Bacteria; p__Firmicutes; c__Clostridia; o__Lachnospirales; f__Lachnospiraceae	0.9999857661697876
a58f67498ea586ac212a8df3ef3629b9	Unassigned	0.8221620061071805
a27dc2e0358125847bfd30047189f8c8	Unassigned	0.8922426210042159
442480c6866236e21e00c7525afcefd1	Unassigned	0.9132129477265991
97af208c02d2b1eb8beafe577169ad3f	d__Eukaryota	0.8742890777022859
2ff75b3ed54fee0424a4379c290c3afc	d__Bacteria; p__Firmicutes; c__Clostridia; o__Lachnospirales; f__Lachnospiraceae; g__CAG-56; s__uncultured_bacterium	0.9629339991307154
c98cc410223b215300cbfe247fe96d85	d__Bacteria; p__Bacteroidota; c__Bacteroidia; o__Bacteroidales; f__Bacteroidaceae; g__Bacteroides; s__Bacteroides_nordii	0.9495122464146856
da74d194d3c361ff979efcfd7e6bd355	d__Bacteria; p__Firmicutes; c__Negativicutes; o__Veillonellales-Selenomonadales; f__Veillonellaceae; g__Dialister; s__Dialister_invisus	0.7013255448059861
349138f8680f10b4929a40616aa10d08	d__Bacteria; p__Firmicutes; c__Clostridia; o__Lachnospirales; f__Lachnospiraceae; g__Roseburia	0.9558607580532665
7c21344cf3675ec9cc3f28f2ac5f763c	Unassigned	0.9093136125169682
f4482dc0c901ccd1e256977955ad3983	Unassigned	0.9398752044585635
6e994d0364aa2dc1a899759eb5d4b559	d__Bacteria; p__Firmicutes; c__Clostridia; o__Oscillospirales; f__Oscillospiraceae; g__Colidextribacter	0.984409912898557
0f5db76683f8b4466c014f8e37a815f2	Unassigned	0.7968994538926177
d125a193dbd77d2a4b5ac6bba3481aab	Unassigned	0.8454722001727399
8adb544da2a3158f3e73d29e1ea24c4d	d__Bacteria; p__Firmicutes; c__Clostridia; o__Lachnospirales; f__Lachnospiraceae; g__[Ruminococcus]_gauvreauii_group	0.9436356098945585
6b020cbcd090d2a0909df47131d1a3ec	d__Bacteria; p__Firmicutes; c__Bacilli; o__Erysipelotrichales; f__Erysipelotrichaceae; g__Turicibacter	0.9999999689549208
68855e70941e3d06a52eff45f97f5100	Unassigned	0.8636374838218919
2569902dea6fb79d221b58ae321dfc30	Unassigned	0.8766511921167593
70d27aafb37f7805e2d59853e3fc7be1	Unassigned	0.878328555515573
71b7519cee0d7ceec0f069f308b9ecbd	Unassigned	0.8130039502134341
9f34f5e5c9689a4263d73ae193bb31f0	Unassigned	0.8798125310537585
fb2ccae4347197bb5c9822c76fe5e01f	d__Bacteria; p__Firmicutes; c__Clostridia; o__Lachnospirales; f__Lachnospiraceae	0.9999965428045412
9637585b9564010c3dbd26ec6e5fa8ea	d__Bacteria; p__Firmicutes; c__Clostridia; o__Oscillospirales; f__Ruminococcaceae; g__Incertae_Sedis	0.999946775445265
798d3c2f3f09340afe96d1976324b21a	Unassigned	0.9677699646187847
922abbacac3c259ecb1409d42f74e598	d__Bacteria; p__Firmicutes; c__Clostridia; o__Lachnospirales; f__Lachnospiraceae; g__Agathobacter	0.9211359294650878
d9f73978c820f2fdc3a48b11d91a5d4d	Unassigned	0.9032873907167243
1b0684eb079ca2395e5b59904be94c6c	Unassigned	0.7423843008674702
0f6548970cc65fe9abcb53ca55db839b	Unassigned	0.8276057756386564
b17ccbe53ab423b7853253aa45542495	d__Bacteria; p__Firmicutes; c__Bacilli; o__Erysipelotrichales; f__Erysipelotrichaceae; g__Turicibacter; s__uncultured_bacterium	0.7276783178858517
9d78746e7f18dd0aff9fe342f427e6bc	Unassigned	0.929762250764398
ea319f1252a1647cc11aacd33c68c81e	d__Bacteria; p__Firmicutes; c__Clostridia; o__Lachnospirales; f__Lachnospiraceae; g__Frisingicoccus	0.9997793315928384
c37581bc95080e4c626173a9c89f755b	d__Bacteria; p__Firmicutes; c__Clostridia; o__Lachnospirales; f__Lachnospiraceae; g__Agathobacter	0.8770687195470431
6414ecd932ed5e7a016490d5bf5330f6	d__Bacteria; p__Firmicutes; c__Clostridia; o__Oscillospirales; f__Ruminococcaceae; g__uncultured; s__human_gut	0.9780997365883487
32a68cb8ba860b9b81359151f17a44bf	d__Bacteria; p__Firmicutes; c__Clostridia; o__Lachnospirales; f__Lachnospiraceae; g__Lachnospiraceae_ND3007_group	0.9999812708127402
5121a0b7e1fa0ef3421145c161f04144	Unassigned	0.943944139466389
f2dd986f126e5fcab155cb1df3f4a7a6	d__Bacteria; p__Firmicutes; c__Clostridia; o__Lachnospirales; f__Lachnospiraceae; g__Roseburia; s__gut_metagenome	0.9406045202792914
fdcab9ead4f1e159ea0cce7f56d8d883	Unassigned	0.9465126256590287
c57844fb28d81584f1fe26d8868ea172	d__Bacteria; p__Firmicutes; c__Clostridia; o__Lachnospirales; f__Lachnospiraceae	0.9946637896836878
ac850da3e969c69dce74b980c7be1e50	d__Bacteria; p__Firmicutes; c__Clostridia; o__Lachnospirales; f__Lachnospiraceae; g__[Eubacterium]_ventriosum_group	0.997683449310106
60620a56b6d0b4f89c508be0afc1b948	Unassigned	0.9258628355983896
6e227c8069fb6910b63465c1a4f67cca	d__Bacteria; p__Firmicutes; c__Clostridia; o__Lachnospirales; f__Lachnospiraceae; g__Lachnospiraceae_NK4A136_group	0.9251228044743444
d18dd3228d6d9e59a4f49a312a3ea6e6	Unassigned	0.7878657297280929
a3d86dc3f468e303e3e5a4cfedf82327	d__Bacteria; p__Firmicutes; c__Clostridia; o__Oscillospirales; f__Ruminococcaceae; g__Incertae_Sedis; s__uncultured_organism	0.9967836449972646
6a483fbd4a40c21c249eae678687f680	d__Bacteria; p__Firmicutes; c__Clostridia; o__Lachnospirales; f__Lachnospiraceae; g__Coprococcus	0.9990942197079781
dba2fbafbe3cc069d0bdd0e3c9926eea	Unassigned	0.9327176823746496
9303f1b0ddc808d41a7197866375da4e	Unassigned	0.8964192047465676
87af2eb2ce11f1dd485ab286364dc09a	d__Bacteria; p__Bacteroidota; c__Bacteroidia; o__Bacteroidales; f__Tannerellaceae; g__Parabacteroides; s__Parabacteroides_goldsteinii	0.8210433961867987
9f209466a668b2f98e1476b350c5ebb9	d__Bacteria; p__Firmicutes; c__Clostridia; o__Lachnospirales; f__Lachnospiraceae	0.9999980230481286
5030ed3b594aa7dee9fb93a135a86849	d__Bacteria; p__Firmicutes; c__Clostridia; o__Oscillospirales; f__Ruminococcaceae; g__Incertae_Sedis; s__[Clostridium]_leptum	0.9534339030264531
b61573bc1eca5002e429ce0b416862de	d__Bacteria; p__Firmicutes; c__Clostridia; o__Oscillospirales; f__Oscillospiraceae; g__Colidextribacter	0.8935756563584784
a490fe0b64fb16622cc56d6aba3ec979	d__Bacteria; p__Firmicutes; c__Clostridia; o__Peptostreptococcales-Tissierellales; f__Anaerovoracaceae; g__Family_XIII_UCG-001; s__uncultured_bacterium	0.986981656724167
c61f69e8e90e20fab1d92eaf3e3e86a8	d__Bacteria; p__Bacteroidota; c__Bacteroidia; o__Bacteroidales; f__Rikenellaceae; g__Alistipes; s__Alistipes_finegoldii	0.9920180429845564
0fcbe72ac2bc01b1eb6743f0d2bc50c8	d__Bacteria; p__Firmicutes; c__Clostridia; o__Lachnospirales; f__Lachnospiraceae; g__Lachnospiraceae_UCG-010; s__uncultured_bacterium	0.9953198436127877
77ee100b7054229596c3eb2d56863a0a	d__Bacteria; p__Firmicutes; c__Clostridia; o__Lachnospirales; f__Lachnospiraceae; g__Frisingicoccus	0.9995123676728721
f9d53328f03698360a6cc72c17dc6e5f	Unassigned	0.7283359411092761
ae6ae8d7abd3fb7cfb35b1ffb6a14722	d__Bacteria; p__Firmicutes; c__Clostridia; o__Oscillospirales; f__Oscillospiraceae	0.999893761018993
65015452588a82bdbc91e766feae8073	d__Bacteria; p__Firmicutes; c__Clostridia; o__Oscillospirales; f__Butyricicoccaceae; g__Butyricicoccus; s__uncultured_bacterium	0.873646945709727
f1920a27de437b6e6c346e423caf2d36	Unassigned	0.6389738758933712
a24c30263e5f69903d528de9be3763df	Unassigned	0.8456906933216126
d4b1a31a3a2797762835e98020fd4e9e	d__Bacteria; p__Firmicutes; c__Clostridia; o__Lachnospirales; f__Lachnospiraceae; g__Lachnospiraceae_UCG-010; s__uncultured_bacterium	0.9904401780297964
34acb3c254b983ab4af976d0adfa1eba	d__Bacteria; p__Firmicutes; c__Clostridia; o__Lachnospirales; f__Lachnospiraceae; g__Roseburia	0.9781208095612943
7cd1a3981c987b97e305c0531eb21652	Unassigned	0.8781437732169102
10515b5b37b4e3ca34f9f81b392c6010	d__Bacteria; p__Firmicutes; c__Clostridia; o__Lachnospirales; f__Lachnospiraceae	0.9999968363263666
cb2e97275fac2a39b83cca5a9ed03e45	Unassigned	0.8902318445563842
69f844a5eeb7e0fbe6767376a996d6db	d__Bacteria; p__Firmicutes; c__Clostridia; o__Oscillospirales; f__Oscillospiraceae; g__Oscillibacter	0.7474375088075301
107bb754583dc68434d5b805faa5f1aa	Unassigned	0.8556315509890979
2414717074a15a84021d074e9779138c	d__Bacteria; p__Firmicutes; c__Clostridia; o__Lachnospirales; f__Lachnospiraceae; g__Lachnospiraceae_UCG-010; s__uncultured_organism	0.9644551438422149
3c70ef04c35811aa96e9c0bd8c1b491f	d__Bacteria; p__Firmicutes; c__Clostridia; o__Lachnospirales; f__Lachnospiraceae; g__[Eubacterium]_eligens_group	0.9966844070884829
b014be72cdf82879fe7ff585c8bc5683	d__Bacteria; p__Firmicutes; c__Clostridia; o__Lachnospirales; f__Lachnospiraceae; g__Lachnospiraceae_UCG-004	0.8434507319477412
ae6b32e9cb9dba1697af2443cbe203e0	d__Bacteria; p__Firmicutes; c__Clostridia; o__Oscillospirales; f__Oscillospiraceae; g__Colidextribacter	0.8871547541341556
a4997bdd588f8f705261d8d96193db4d	d__Bacteria; p__Firmicutes; c__Clostridia; o__Oscillospirales; f__Oscillospiraceae; g__Flavonifractor	0.9990832036534163
df4e5dbc4edb6f50162a8a0623a4e833	Unassigned	0.826981616134033
67b9ea73b2ca85f61b256a3aee22231a	d__Bacteria; p__Firmicutes; c__Clostridia; o__Lachnospirales; f__Lachnospiraceae; g__Agathobacter	0.706374245945786
93a61a818240e375d212ed29e29b31dd	d__Bacteria; p__Proteobacteria; c__Gammaproteobacteria; o__Burkholderiales; f__Sutterellaceae; g__Sutterella; s__gut_metagenome	0.9718826368821998
2072c471b5cc388e65ec5799b2004085	d__Bacteria; p__Firmicutes; c__Clostridia; o__Lachnospirales; f__Lachnospiraceae	0.9999898105466637
dce8a0f2b908a91061e0ca04e48bb853	Unassigned	0.8062702499266776
b0f90d48c7168b88bbbf3ba50cca3886	Unassigned	0.5942128422748103
7dc26c072756e4ae43341b2fb2ded125	Unassigned	0.8750184728467509
d5abfae168b89284f0dbb51f0bb0780d	Unassigned	0.9194130317332223
16f80c8b532f2250bfbe8fedea6a3325	Unassigned	0.8579240907541681
2f6ff9fca5469c4bc5e4b2ce2582c248	d__Bacteria; p__Proteobacteria; c__Gammaproteobacteria; o__Pasteurellales; f__Pasteurellaceae; g__Haemophilus	0.9486995366783696
452e663796b158f79b329246b104df38	d__Bacteria; p__Firmicutes; c__Clostridia; o__Lachnospirales; f__Lachnospiraceae; g__Howardella; s__uncultured_organism	0.7531654778898403
c68366722dadc6e963442ec38c7d90f7	d__Bacteria; p__Bacteroidota; c__Bacteroidia; o__Bacteroidales; f__Rikenellaceae; g__Alistipes; s__gut_metagenome	0.7510996924791686
c023f9e967bdb2c7e2f8692253bfe3db	d__Bacteria; p__Proteobacteria; c__Gammaproteobacteria; o__Pasteurellales; f__Pasteurellaceae; g__Haemophilus	0.9504295056599562
485aa2b3bab23ee01097661f1f7888fe	d__Bacteria; p__Firmicutes; c__Clostridia; o__Oscillospirales; f__Oscillospiraceae; g__UCG-003	0.983307046370951
c006d12786606860d7b857dced5a06df	Unassigned	0.7586594700249814
efc4533eeab0f69d02453555a1589938	d__Bacteria; p__Firmicutes; c__Clostridia; o__Lachnospirales; f__Lachnospiraceae; g__Tyzzerella; s__Anaerotignum_lactatifermentans	0.8665534334000145
609e9d8d5240e8f18b380aff4e8ce33f	d__Bacteria; p__Firmicutes; c__Clostridia; o__Lachnospirales; f__Lachnospiraceae; g__Blautia	0.9789513437390555
3ac778c90c6cd205135ef4304826c134	Unassigned	0.6908259185026917
ae04e0fdbdcd02c3af1606933f8f1694	Unassigned	0.8901521072529021
562051e7fb5fe359bc473c353e298944	d__Bacteria; p__Firmicutes; c__Bacilli; o__Lactobacillales; f__Streptococcaceae; g__Streptococcus; s__Streptococcus_salivarius	0.8128690117298393
81082711d28cdc24f31a2895e32e88bf	Unassigned	0.9220548095246552
9e27e21141c4d9e069cf10c0f806c613	d__Bacteria; p__Firmicutes; c__Negativicutes; o__Veillonellales-Selenomonadales; f__Veillonellaceae; g__Veillonella	0.9999998030692282
9a559d26bf247718f5780e12626b1562	Unassigned	0.9115484937419727
9ea0306ced78b853e860cfca7d9420d4	Unassigned	0.9137412183414869
e36b59ff4dcd61bb5a856ae177fc66dc	d__Bacteria; p__Firmicutes; c__Clostridia; o__Oscillospirales; f__Butyricicoccaceae; g__Butyricicoccus; s__Butyricicoccus_sp.	0.8345303984622988
15c5b3b9b4becf9929494d2e86007046	d__Bacteria; p__Firmicutes; c__Clostridia; o__Oscillospirales; f__Ruminococcaceae; g__[Eubacterium]_siraeum_group	0.9879847962653097
f5e3c1407f8e3402c74de67e2a023eb2	Unassigned	0.8199928401062955
ec9c0414b81f5bf7a2273397de4f8d9f	Unassigned	0.5770999919600561
3456ac946a20de05a0b043be908c126b	Unassigned	0.7936534223610444
bd9fe559ddb00242ac8e87560ba3fabd	Unassigned	0.897992487249982
271544defc68a14b8133b3ae2aff2ac1	d__Eukaryota	0.889126504756613
24214b9d69bcd9157c55c743987f53f9	d__Eukaryota	0.8479308103890805
a80927f451604e16a367d08245e58d4c	Unassigned	0.8080268425710426
c57658d08cf2498c6ae5fc73cbba972b	Unassigned	0.6853350649412784
6b1fbf24c0ab009ecfcd7411883bc204	Unassigned	0.7821889066579204
893a57043d8f1c5794ff9eb36abeba0e	d__Bacteria; p__Bacteroidota; c__Bacteroidia; o__Bacteroidales; f__Rikenellaceae; g__Alistipes; s__Bacteroides_sp.	0.7148063235821268
7963070cc30dcad76e69b68877bd3bb1	d__Bacteria; p__Firmicutes; c__Clostridia; o__Oscillospirales; f__Oscillospiraceae; g__uncultured	0.9205950127232428
7d05292c96d83509926699c2c1e0247f	Unassigned	0.9220524502355063
91621bdf741faf9f6b29c0b31dbd4763	d__Bacteria; p__Firmicutes; c__Clostridia; o__Lachnospirales; f__Lachnospiraceae; g__Roseburia	0.7347211770980248
d7c790f59224437860c2d759eacdfee7	d__Eukaryota	0.9510593417370709
4d0d2498ec3fee981506919a77bc4aea	d__Bacteria; p__Firmicutes; c__Clostridia; o__Peptostreptococcales-Tissierellales; f__Peptostreptococcaceae; g__Terrisporobacter	0.9976365965317389
4d368a5b0d0f496a37e2450ee868b04e	Unassigned	0.8724373794004239
f73265942ea38f5c707eaf3dbcf1776c	d__Bacteria; p__Firmicutes; c__Negativicutes; o__Veillonellales-Selenomonadales; f__Veillonellaceae; g__Veillonella	0.9999998594355054
f5332de5f426818d69a32c32061fe090	Unassigned	0.3019525016457799
46a6af84945c2260766a9af87ada5cc3	Unassigned	0.9090427770843743
bc746bd34dd5553268e3d0436fb98839	d__Bacteria; p__Firmicutes; c__Clostridia; o__Peptostreptococcales-Tissierellales; f__Peptostreptococcaceae; g__Romboutsia	0.9230327765851016
3845421d70e85b86afe2686f68793ce7	Unassigned	0.8380400176383154
7d677682ab928dbedf9a241768d655f9	d__Eukaryota	0.856965811689767
d124d62952cfd4b669d278da4315ee46	d__Bacteria; p__Firmicutes; c__Clostridia; o__Oscillospirales; f__Oscillospiraceae; g__Flavonifractor	0.744329342326411
728de4f685d3e4bbda4768c69113cac6	Unassigned	0.9106888933406057
6fa47d10151eafeba8fdc85fd0d27797	Unassigned	0.8619587616571138
6f13b3b2ec6291875d0df3b54dc5f8c6	Unassigned	0.8732275224999118
c954825f17df9cdbf11eb505c67d572e	Unassigned	0.7448233368315951
3e6624eaae22868a72a9130f025e6eb5	Unassigned	0.7151015487933098
3b009048020ee149def99e8fa6f13dd0	d__Bacteria; p__Actinobacteriota; c__Coriobacteriia; o__Coriobacteriales; f__Coriobacteriales_Incertae_Sedis; g__uncultured; s__gut_metagenome	0.9520456528641189
a9a37ca66df89964477079814781c67e	d__Bacteria; p__Firmicutes; c__Clostridia; o__Oscillospirales; f__Ruminococcaceae	0.946192156545256
00f7e61620fda3181f519ddefd1b6d4b	Unassigned	0.575346570374901
5f98214b3ea8bd6a2490cd2f46f0b5af	d__Bacteria; p__Bacteroidota; c__Bacteroidia; o__Bacteroidales; f__Rikenellaceae; g__Alistipes; s__Alistipes_timonensis	0.8771662973061731
17eacff421b30cefbd3443882c8d3cec	Unassigned	0.9250597774752787
11f4019eeb07027df2e7972151ca43b7	d__Bacteria; p__Bacteroidota; c__Bacteroidia; o__Bacteroidales; f__Prevotellaceae; g__Prevotella; s__Prevotella_corporis	0.9486833323115238
c5d55bd587d2bfc70c012c92a947fc2c	d__Bacteria; p__Firmicutes; c__Clostridia; o__Oscillospirales; f__Oscillospiraceae; g__Oscillibacter; s__human_gut	0.8719980084619561
fbd2d3f5d8f5571000383cd438cfd7ae	d__Bacteria; p__Firmicutes; c__Clostridia; o__Lachnospirales; f__Lachnospiraceae; g__Lachnospiraceae_FCS020_group; s__uncultured_organism	0.90872141644507
3ad1ecc884ace1c773883e9ce31b4005	Unassigned	0.9499917721084876
522e6c08b730a6ce4a7916abbea160b2	d__Bacteria; p__Firmicutes; c__Clostridia; o__Peptococcales; f__Peptococcaceae; g__Peptococcus; s__uncultured_organism	0.9998008044916399
a0312fc42b3915592e6bb2716efc71fd	d__Bacteria; p__Bacteroidota; c__Bacteroidia; o__Bacteroidales; f__Marinifilaceae; g__Butyricimonas	0.9999478643759498
79ab05b3a210726da05ded1b74fd3496	Unassigned	0.5779159137309489
0a4e8589f6c6efe235ec729061ed8e1a	d__Bacteria; p__Firmicutes; c__Clostridia; o__Lachnospirales; f__Lachnospiraceae; g__Lachnoclostridium	0.9235019385095112
a7a548db70fdcef69d5206586fe535f0	Unassigned	0.8107941801051245
3d005f58d1547147e1ffd66d2c972895	d__Bacteria; p__Firmicutes; c__Clostridia; o__Oscillospirales; f__Oscillospiraceae	0.9995895142199872
a0d32090553e6a269ef8e00b6cc82303	Unassigned	0.5898864334920071
e84de0b1cc46d1e5a52120c97a2965c6	d__Bacteria; p__Firmicutes; c__Bacilli; o__Erysipelotrichales; f__Erysipelotrichaceae; g__Turicibacter	0.9999999478252712
6aafac35189bf0407e8f99b07a0da5de	d__Bacteria; p__Firmicutes; c__Clostridia; o__Oscillospirales; f__Ruminococcaceae; g__uncultured	0.7675187210160898
855bc699abdfadc12b0cd02ecd15f752	Unassigned	0.8163764486301262
55e7bf7a78325cba43a3eb84689a9f9b	d__Bacteria; p__Bacteroidota; c__Bacteroidia; o__Bacteroidales; f__Muribaculaceae; g__Muribaculaceae; s__uncultured_bacterium	0.8912596812625837
ec01404f9cfcd62de2c541f37226a43b	d__Eukaryota	0.832454843603216
9001f81ff1237e0ec4078fd1058dec8b	Unassigned	0.8317172131793225
f9f27ddab58e0d8c2890ca5df2ad89b2	Unassigned	0.7964054079152434
169362673a994e89cb2f8d8938b2e9ef	d__Bacteria; p__Firmicutes; c__Clostridia; o__Lachnospirales; f__Lachnospiraceae; g__[Eubacterium]_ventriosum_group	0.9950376056427674
58d5a3b8f0ba809c586cfe2a7d719e02	d__Bacteria; p__Firmicutes; c__Clostridia; o__Peptostreptococcales-Tissierellales; f__Peptostreptococcaceae; g__Intestinibacter	0.9396865534374803
dc2ca609a0fe414997b67129ad188761	d__Bacteria; p__Firmicutes; c__Clostridia; o__Oscillospirales; f__Butyricicoccaceae; g__UCG-009	0.9992465369145082
840d7cc20c953dcac6aad5a26591935e	d__Bacteria; p__Firmicutes; c__Clostridia; o__Lachnospirales; f__Lachnospiraceae; g__Lachnospiraceae_UCG-004	0.7265665799108276
052948931e8becbfd6a544d6d09e976b	d__Bacteria; p__Firmicutes; c__Clostridia; o__Lachnospirales; f__Lachnospiraceae; g__Blautia	0.990429881368241
ac5834d7d93c01de17c1e12e188f97b4	d__Bacteria; p__Firmicutes; c__Clostridia; o__Lachnospirales; f__Lachnospiraceae	0.9999976064986361
ea80dd865136ac33e40b24b39235bc61	d__Bacteria; p__Bacteroidota; c__Bacteroidia; o__Bacteroidales; f__Muribaculaceae; g__Muribaculaceae	0.9999595867181509
c63dae8c7c941b6350ef46812fdd3f36	d__Bacteria; p__Firmicutes; c__Clostridia; o__Oscillospirales; f__Ruminococcaceae; g__uncultured; s__human_gut	0.9702691946543335
602cfba3bc2eacb48579ac1fe0ee1859	Unassigned	0.9038692093443822
17f8e051fcc952f68ccaae2544afb729	Unassigned	0.4688632632315064
c34254be6623252702415c7fbc83cfd1	Unassigned	0.8331192244307165
384d40cb853c722a7961fa36ae88a71c	Unassigned	0.9090689453783936
9f5458ddbcc6e43057f07190dce73cd4	d__Bacteria; p__Firmicutes; c__Clostridia; o__Oscillospirales; f__Oscillospiraceae; g__NK4A214_group	0.9980522481404763
31e621a0c808ca4c75830ee894bddb78	d__Bacteria; p__Firmicutes; c__Clostridia; o__Christensenellales; f__Christensenellaceae; g__Christensenellaceae_R-7_group; s__uncultured_marine	0.9958978038568957
4b19a2246e26fc2438285059b32168f5	d__Bacteria; p__Actinobacteriota; c__Actinobacteria; o__Bifidobacteriales; f__Bifidobacteriaceae; g__Bifidobacterium	0.9999500262852892
23e5df735c6cbde8ed9992b1bcb237cc	Unassigned	0.8821461935122005
44918bb05d0c23518d9fe503b03e9cca	d__Bacteria; p__Firmicutes; c__Clostridia; o__Oscillospirales; f__Ruminococcaceae; g__uncultured; s__human_gut	0.9739298111229212
9e9e9db57466834980c29a94068d2e30	d__Bacteria; p__Firmicutes; c__Clostridia; o__Lachnospirales; f__Lachnospiraceae; g__[Eubacterium]_ventriosum_group	0.9993504365519362
8c95e7dc6115f24d36b79f180c857f61	d__Bacteria; p__Firmicutes; c__Clostridia; o__Peptostreptococcales-Tissierellales; f__Peptostreptococcales-Tissierellales; g__Finegoldia	0.9999999880048441
8b26ee5f9220aecb20cddfd1c725fb77	d__Bacteria; p__Firmicutes; c__Clostridia; o__Oscillospirales; f__Oscillospiraceae; g__Intestinimonas; s__Intestinimonas_butyriciproducens	0.9975888961888392
d681ed3603e545f620c91a9f44786885	Unassigned	0.8416327585228223
b6769d0e502ab9f0ed955921162e919c	d__Bacteria; p__Firmicutes; c__Clostridia; o__Lachnospirales; f__Lachnospiraceae	0.9999963671417965
8b29e11fb9f0d99fb4bdb43d69c7ccf8	Unassigned	0.5613569123292854
363d9c70d846fa25964a0da52b045068	d__Bacteria; p__Bacteroidota; c__Bacteroidia; o__Bacteroidales; f__Prevotellaceae; g__Prevotella; s__Prevotella_buccalis	0.9990748193599738
1556aec147b9a88f48d351c26f9c864d	d__Bacteria; p__Firmicutes; c__Clostridia; o__Oscillospirales; f__Ruminococcaceae	0.9979651198826497
20cf168edcf5e7cc1eb55fff031c1c48	Unassigned	0.9123561698399913
d7e120b85f2a43af7b32c965c993226d	Unassigned	0.9380851015650095
d4053a704216a22c88d9d5ad8b49d2ca	d__Bacteria; p__Firmicutes; c__Clostridia; o__Peptostreptococcales-Tissierellales; f__Peptostreptococcales-Tissierellales; g__Fenollaria; s__uncultured_bacterium	0.7060318389204449
6ddad6632491dbd68376e343b493b680	d__Bacteria; p__Firmicutes; c__Clostridia; o__Lachnospirales; f__Lachnospiraceae	0.9999986339257481
245586aab658e211b706042bc70b8684	d__Eukaryota	0.9382561014806025
8094db0256d184a7c820c7b791daf5af	Unassigned	0.767299598644219
f2934a50d6570c9afb0661165f7e44be	d__Bacteria; p__Firmicutes; c__Clostridia; o__Lachnospirales; f__Lachnospiraceae	0.9999841206920471
6e0ec7866facbe4a84a63244619d9caa	d__Bacteria; p__Firmicutes; c__Bacilli; o__Lactobacillales; f__Streptococcaceae; g__Streptococcus; s__Streptococcus_salivarius	0.8422388661764704
5efb83e6cb02c98413c7bf09bd768757	Unassigned	0.6910613104512928
2fa9557b6a410deab09d9a4fda4ebfb4	d__Bacteria; p__Bacteroidota; c__Bacteroidia; o__Bacteroidales; f__Muribaculaceae; g__Muribaculaceae; s__uncultured_bacterium	0.7812627304564892
82e29bc52e60da908bf9d97cfa4d61d2	d__Bacteria; p__Firmicutes; c__Clostridia; o__Oscillospirales; f__Ruminococcaceae; g__Negativibacillus; s__uncultured_bacterium	0.9612982873704963
73c96bbc28075c6a5528a8e62fccffe9	d__Eukaryota	0.7868322185018894
50cb8bf27cd27e68f81abc8a170d81e6	d__Eukaryota	0.9048513143078672
f4b1fc18b91422281080c8b6331c8da4	Unassigned	0.8864071865809573
d3e13e62a8b7421c2f68ae203918114d	d__Bacteria; p__Firmicutes; c__Clostridia; o__Peptostreptococcales-Tissierellales; f__Anaerovoracaceae	0.9985447423123913
0d9f2f2b944a59dc2a756434749955c7	Unassigned	0.9023183225682191
5893d8bc597a8ea0be759892f0671e39	Unassigned	0.8224191221823514
99d028f634953bdd4618777019a19e87	Unassigned	0.7441931318584605
f80f1c5e1db985793ed71d97f1f03487	Unassigned	0.9574379495624293
e809a1918c8fabe2225a134348e2535b	d__Bacteria; p__Firmicutes; c__Clostridia; o__Lachnospirales; f__Lachnospiraceae	0.9998380383811093
82b820b1ab6c56cf9182fbfffc3d2d21	Unassigned	0.7477600656266338
1269726a892e5cbd031ecde34c7fc730	Unassigned	0.8904941394311786
5a0f193c56e36395c2494176e8cf0f18	d__Bacteria; p__Firmicutes; c__Clostridia; o__Oscillospirales; f__Oscillospiraceae; g__UCG-005	0.7736766382460902
043f4af62096b3139126f5e42aa7fe90	d__Bacteria; p__Firmicutes; c__Clostridia; o__Oscillospirales; f__Ruminococcaceae; g__UBA1819; s__uncultured_organism	0.7279300613033576
ec3dc9c5056d2e302d0a02641442c261	Unassigned	0.9207043550525529
8c5f156ff2a5ebea2b94f91618012b44	d__Eukaryota	0.8928493891942546
e0574962f08c05141daaae9605a7dea7	d__Bacteria; p__Fusobacteriota; c__Fusobacteriia; o__Fusobacteriales; f__Fusobacteriaceae; g__Fusobacterium	0.999999974790074
8c6bda2f2d2073be4c62b2cc8ebd261d	d__Bacteria; p__Firmicutes; c__Clostridia; o__Oscillospirales; f__Butyricicoccaceae; g__Butyricicoccus; s__uncultured_bacterium	0.7700821763687715
2a650a5ba5340413e54838e10c53a10d	Unassigned	0.8088559084326101
d370bdf08735c0c66d9d65d4edfdee2b	d__Bacteria; p__Firmicutes; c__Clostridia; o__Peptostreptococcales-Tissierellales; f__Peptostreptococcales-Tissierellales; g__Ezakiella	0.9999999999307261
fb4340d712e274f6489845cf2bb54922	d__Bacteria; p__Firmicutes; c__Clostridia; o__Oscillospirales; f__Oscillospiraceae; g__Oscillibacter	0.9912878795945851
db8cadf06d325003d803c473bf6f78ec	Unassigned	0.852762035926675
45bc5f2516312c2a44033e8de9dec626	Unassigned	0.7776737866746558
7c638990d6b7b1d53eb75ce834de8f91	d__Bacteria; p__Firmicutes; c__Clostridia; o__Peptostreptococcales-Tissierellales; f__Anaerovoracaceae; g__[Eubacterium]_nodatum_group; s__uncultured_bacterium	0.8283962630088454
079cf372ad716945f4d00f35e937435f	d__Bacteria; p__Firmicutes; c__Clostridia; o__Oscillospirales; f__Ruminococcaceae; g__Anaerofilum	0.9999589377526381
59ed8d3d006fc378c4d7b8336ee31c7c	d__Bacteria; p__Firmicutes; c__Clostridia; o__Lachnospirales; f__Lachnospiraceae	0.9979561698664071
9de57c1e718a2efd8f6ef81e5ed0e9a0	d__Bacteria; p__Desulfobacterota; c__Desulfovibrionia; o__Desulfovibrionales; f__Desulfovibrionaceae; g__uncultured	0.8511100949204404
3798f6fbbd768083f6954ff2204ff3c4	d__Bacteria; p__Firmicutes; c__Clostridia; o__Christensenellales; f__Christensenellaceae; g__uncultured; s__uncultured_bacterium	0.9077514690100743
7f532bac618d18e6542783657bc17401	Unassigned	0.8587198948462065
b3a00218da49a5505e49e3e96788815d	d__Bacteria; p__Firmicutes; c__Clostridia; o__Lachnospirales; f__Lachnospiraceae; g__Lachnoclostridium	0.9819893641488325
454df497e2d2d9cef13e2d5ce298eeb5	Unassigned	0.9088386980272978
d908b1d36e0adb7b2cf2017968aaccef	d__Bacteria; p__Fusobacteriota; c__Fusobacteriia; o__Fusobacteriales; f__Fusobacteriaceae; g__Fusobacterium	0.9999946000246452
83f9e97aebae1e9eabfa9d1424544bc0	d__Bacteria; p__Firmicutes; c__Clostridia; o__Peptococcales; f__Peptococcaceae; g__uncultured; s__unidentified	0.9905381888996639
1fbb04cf8c95f82b77134b51b8df0526	Unassigned	0.977388406624268
ae709c95ab98ec5e7a0dc85e16dd8c25	Unassigned	0.8686280779372983
81cb7b99fd2c0c4cb69f2ba66cc3f8d3	Unassigned	0.8633757066108184
d2003a4ad4472f182eb6985a1bf090e0	Unassigned	0.7504813924346886
8e095788cf43172ca1e87eb1475ac879	Unassigned	0.9417278903508751
72cd9aec0554cad07767d58965c79e1b	d__Bacteria; p__Firmicutes; c__Clostridia; o__Oscillospirales; f__Oscillospiraceae; g__Colidextribacter; s__gut_metagenome	0.7204799029124743
509241cce1c1ce0e3014b76c4acb4f15	d__Bacteria; p__Firmicutes; c__Clostridia; o__Oscillospirales; f__[Clostridium]_methylpentosum_group; g__[Clostridium]_methylpentosum_group; s__Ruminococcus_sp.	0.8077614976310045
1531aa1f30af6cede0c3a057bb135d84	d__Eukaryota	0.7219010164703029
f65ee0d1a2fc12982eb497df24b86646	Unassigned	0.5151742298817347
d94b50ab3b770e0679503f37d97a40c5	d__Bacteria; p__Firmicutes; c__Clostridia; o__Lachnospirales; f__Lachnospiraceae; g__Lachnospiraceae_UCG-004	0.7555173347089287
7a4ac99186677081f9d8fd5ba62ad292	Unassigned	0.6623318621483436
1587b5175a52f325d2e5265235a9fd38	d__Bacteria; p__Firmicutes; c__Bacilli; o__Erysipelotrichales; f__Erysipelotrichaceae; g__Holdemania; s__uncultured_bacterium	0.8671865359653206
2022eb879c9b99cde6025611a9e5129c	Unassigned	0.8032434245073203
6b20095934d2b4ee49c11ef646df3a57	Unassigned	0.8689178783301927
6db3f7006c430aa44a722741b97bf5c1	Unassigned	0.9479366689132696
1a97d530a38185368b22f9acd71bd099	d__Bacteria; p__Firmicutes; c__Clostridia; o__Oscillospirales; f__Ruminococcaceae	0.9342699913796866
3200b5b5fb97ec1ae79a3fd2de27c188	d__Bacteria; p__Firmicutes; c__Clostridia; o__Lachnospirales; f__Lachnospiraceae	0.9999993105057743
97bb2ad22c1796938fd7e3ef1945f7c0	Unassigned	0.8437077022624475
416ca184282040abefce7f52cf34fede	d__Bacteria; p__Firmicutes; c__Clostridia; o__Peptostreptococcales-Tissierellales; f__Anaerovoracaceae; g__[Eubacterium]_nodatum_group; s__uncultured_bacterium	0.7608552210179602
a426dd7aca92a84a75091a2c294169d5	Unassigned	0.7902535790137406
3fc00aa96271d2b2b22635b989b32336	Unassigned	0.8338161430199258
eee33d4856d62d60670978713fe8f20b	d__Bacteria; p__Firmicutes; c__Clostridia; o__Lachnospirales; f__Lachnospiraceae; g__GCA-900066575	0.9688331399909414
3e00c9520ada37c0e2eed39dd32477d8	d__Bacteria; p__Bacteroidota; c__Bacteroidia; o__Bacteroidales; f__Prevotellaceae; g__Prevotella; s__Prevotella_disiens	0.9999978435700657
550dbe4f5b6e5d71ce6c5a775fdabf4b	d__Bacteria; p__Firmicutes; c__Clostridia; o__Oscillospirales; f__Ruminococcaceae; g__DTU089	0.9999936094040119
2c8fa9ad733b5208d5f7c94a6a9bd07d	d__Bacteria; p__Bacteroidota; c__Bacteroidia; o__Bacteroidales; f__Prevotellaceae; g__Prevotella; s__Prevotella_bergensis	0.9999905559807316
085059e4313749b06b40c490551ce5c1	Unassigned	0.6226020427036966
c981c9a4b24c51941bb894197c97f0b1	d__Bacteria; p__Firmicutes; c__Clostridia; o__Lachnospirales; f__Lachnospiraceae; g__Lachnospiraceae_ND3007_group; s__uncultured_bacterium	0.7722251488589208
5db1b728a2cc2916b74aec9343539dc5	d__Bacteria; p__Bacteroidota; c__Bacteroidia; o__Bacteroidales; f__Muribaculaceae; g__Muribaculaceae; s__uncultured_bacterium	0.8706141168916678
0dc4e8fb988b25d3dbc1a58cb69a7a3f	d__Eukaryota	0.8688123765831586
2f4c6ed98c9c169e7813345510426d16	d__Bacteria; p__Firmicutes; c__Clostridia; o__Christensenellales; f__Christensenellaceae; g__uncultured	0.998690619399476
4a3401b254467ce4161e4f1e4895e023	d__Bacteria; p__Firmicutes; c__Clostridia; o__Oscillospirales; f__Ruminococcaceae; g__uncultured; s__uncultured_bacterium	0.7164654178509872
2d2b3e31bdcf425994b417fdbbbac762	d__Bacteria; p__Firmicutes; c__Clostridia; o__Oscillospirales; f__Oscillospiraceae; g__uncultured	0.8096234538603436
f79700e94e797642d7b7218680c8fa57	Unassigned	0.8044028480771785
0b600938a121e7d7fc30858a004e4817	Unassigned	0.7905860749912379
2f99be22ed77943f676f787298ffe91b	Unassigned	0.6677439538338772
4d75521811492b6a2c94b494ff98b29a	Unassigned	0.9159796685235874
f3da2fec833f6f8576a8203d45d5b97e	d__Bacteria; p__Proteobacteria; c__Gammaproteobacteria; o__Burkholderiales; f__Oxalobacteraceae	0.9981342612182172
497f9720fb3bef9d9030195254e5736c	d__Bacteria; p__Firmicutes; c__Clostridia; o__Oscillospirales; f__Ruminococcaceae; g__Anaerotruncus; s__Anaerotruncus_sp.	0.9960075509975319
0a5115b4718101fbe194d29b0dcf31aa	d__Eukaryota	0.8629092082018437
857fadb8de921e5f3f25edb91cd558cc	d__Bacteria; p__Firmicutes; c__Clostridia; o__Peptostreptococcales-Tissierellales; f__Anaerovoracaceae; g__Family_XIII_AD3011_group; s__uncultured_bacterium	0.7719235706254155
0ffa39ee64386085c0f94ea57b194291	d__Bacteria; p__Firmicutes; c__Bacilli; o__Erysipelotrichales; f__Erysipelatoclostridiaceae; g__Erysipelatoclostridium; s__[Clostridium]_spiroforme	0.9356043642546962
876c8fc1362df051268fc4edc4fc3e4f	Unassigned	0.8814121375572782
9eac1ba3fc3abb0e7c678ac258ad3c76	Unassigned	0.704363188470729
d2eb36d66560b77579371fbc699948fb	d__Eukaryota	0.8725340744350291
0e4e153dd338699f7bf8f5eb47d286d4	Unassigned	0.7635009724357369
3494f6f52782abb9bd315a394c9f8abf	d__Bacteria; p__Firmicutes; c__Clostridia; o__Oscillospirales; f__Ruminococcaceae; g__Phocea	0.9981131720839387
07d640165531f08c4b66655f6d3a135e	d__Bacteria; p__Firmicutes; c__Bacilli; o__Erysipelotrichales; f__Erysipelotrichaceae; g__Dielma; s__Dielma_fastidiosa	0.8443128955106087
6ad26d01a262039da9a690b101f1063c	Unassigned	0.937817149087593
6536eceab57abaaaf06c5082808b39ba	Unassigned	0.8696696560327577
ed69b46c4b940db8cd936142acf88856	d__Bacteria; p__Firmicutes; c__Negativicutes; o__Veillonellales-Selenomonadales; f__Veillonellaceae; g__Dialister; s__Dialister_micraerophilus	0.9976644124011841
ad90e4ec67b66a022772a123613c4eb5	Unassigned	0.8880330509419935
9ca82d261ec620aaa08c872fdbd79eb1	d__Bacteria; p__Firmicutes; c__Clostridia; o__Oscillospirales; f__Oscillospiraceae; g__Oscillibacter	0.991475123158478
43495fd19cdc408d9010f5468bf92e63	d__Eukaryota	0.8939188296598601
6c3f16badb26ff0cffa3c88073162978	d__Bacteria; p__Firmicutes; c__Clostridia; o__Lachnospirales; f__Lachnospiraceae; g__Lachnoclostridium	0.9812415314284014
55e128ca799c742312c4f76ab02784c4	Unassigned	0.3198472487528671
676aa56cfcf6e954a1235cd32a66aabd	Unassigned	0.8585802540593139
621fbaf24481e7f4e02b957793bc05fa	d__Bacteria; p__Proteobacteria; c__Gammaproteobacteria; o__Burkholderiales; f__Oxalobacteraceae; g__Oxalobacter	0.748794742369834
c5dff08a94815e4e567cc15de1a210c0	d__Bacteria; p__Bacteroidota; c__Bacteroidia; o__Bacteroidales; f__Bacteroidaceae; g__Bacteroides	0.9995373268946275
8ed31a9e941b101bf98c62fbf793eb1c	d__Bacteria; p__Firmicutes; c__Clostridia; o__Peptostreptococcales-Tissierellales; f__Anaerovoracaceae; g__[Eubacterium]_brachy_group; s__uncultured_bacterium	0.9988110727683953
25f7174b0401a60f0675b206f9557687	d__Bacteria; p__Desulfobacterota; c__Desulfovibrionia; o__Desulfovibrionales; f__Desulfovibrionaceae; g__Desulfovibrio; s__Desulfovibrio_fairfieldensis	0.7392262201427611
abe09db4c7a5f298c633b934f332e10e	d__Bacteria; p__Firmicutes; c__Clostridia; o__Oscillospirales; f__Ruminococcaceae; g__uncultured	0.8301973749410219
15134d2c05190164178bd56f0044985a	d__Bacteria; p__Firmicutes; c__Clostridia; o__Lachnospirales; f__Lachnospiraceae; g__GCA-900066575; s__uncultured_bacterium	0.9135409409857936
668ab45b1c924d817127ce32f1c758f5	Unassigned	0.870501148558449
96cdc11afb3655fe3a55aadb61c52315	d__Bacteria; p__Firmicutes; c__Clostridia; o__Oscillospirales; f__Ruminococcaceae; g__Candidatus_Soleaferrea; s__uncultured_bacterium	0.8316999826754635
cd03f0c6a2df3c7f374b00aab9849a43	d__Eukaryota	0.7952808640694102
c0e68582d04fd29d8c2a9ed8cdd8219a	d__Bacteria; p__Firmicutes; c__Clostridia; o__Christensenellales; f__Christensenellaceae; g__uncultured; s__uncultured_bacterium	0.9128743463098291
c6ef8537a97edb491e424dfb8575dcb9	Unassigned	0.8314720111119149
7775bbd6b0e5c4ea596931cf6ae03800	Unassigned	0.898423075664176
1afe7ba1f7b92f80dfb7fa593afb1b4c	Unassigned	0.7312177401854144
d22da0a124ee87140fc42342ce93f3a9	d__Bacteria; p__Firmicutes; c__Clostridia; o__Clostridia_vadinBB60_group; f__Clostridia_vadinBB60_group; g__Clostridia_vadinBB60_group; s__uncultured_bacterium	0.7012056205980357
eb1de4e3fd1adb0f9dff98ab35e40a4a	d__Bacteria; p__Firmicutes; c__Clostridia; o__Oscillospirales; f__Ruminococcaceae; g__Candidatus_Soleaferrea; s__Ruminococcaceae_bacterium	0.9987346646953262
5c2fe9aef2a65c7527f60102a592ed69	d__Bacteria; p__Firmicutes; c__Clostridia; o__Oscillospirales; f__Ruminococcaceae	0.7951011120007414
8884a6b45bb900b87c7a4c8e66237635	Unassigned	0.9659448945584974
60c7af9f77b17610b3478d055dcf1015	Unassigned	0.9025755519024458
477ac66f8861e61fe7fd5e4576e32adc	d__Bacteria; p__Firmicutes; c__Clostridia; o__Christensenellales; f__Christensenellaceae; g__uncultured; s__uncultured_bacterium	0.9403688702012055
cd9bd29c618d1901fab2014520c667ad	d__Eukaryota	0.9288095863623862
4aa4f52381f6efc84adcb820e00acbfb	d__Bacteria; p__Firmicutes; c__Bacilli; o__Lactobacillales; f__Lactobacillaceae; g__Lactobacillus	0.9999605963412354
18ca0734ab09e32255d01cd9c14846db	Unassigned	0.8554063112992156
0178d79bd0fb46be2decf65b9808c797	d__Bacteria; p__Firmicutes; c__Clostridia; o__Eubacteriales; f__Anaerofustaceae; g__Anaerofustis; s__Anaerofustis_stercorihominis	0.9940083662313509
00a9adca3f995f30d81bccf384f657e4	Unassigned	0.4999469445850092
