Feature ID	Taxon	Confidence
252b590690cf155945965e26ce2cf238	d__Bacteria; p__Firmicutes; c__Bacilli; o__Lactobacillales; f__Lactobacillaceae; g__Lactobacillus; s__Lactobacillus_fermentum	0.914556078
ddd79a8b3daf58f308224e49b11b2a24	d__Bacteria; p__Firmicutes; c__Bacilli; o__Lactobacillales; f__Enterococcaceae; g__Enterococcus	0.997654717
837c5cd50874a2752e2d226aceeb8569	d__Bacteria; p__Proteobacteria; c__Gammaproteobacteria; o__Enterobacterales; f__Enterobacteriaceae; g__Escherichia-Shigella	0.957401626
8f7cf2b544dd56e6701816c0fbfb390c	d__Bacteria; p__Proteobacteria; c__Gammaproteobacteria; o__Enterobacterales; f__Enterobacteriaceae	0.98534209
6657085581ac33603afe488606067eea	d__Bacteria; p__Bacteroidota; c__Bacteroidia; o__Bacteroidales; f__Bacteroidaceae; g__Bacteroides; s__Bacteroides_stercoris	0.956885017
595a1ab1fbf6fb7a154b169604e0e280	d__Bacteria; p__Firmicutes; c__Bacilli; o__Lactobacillales; f__Enterococcaceae; g__Enterococcus	0.588490904
edf6d3ac3b36f816ec7b40a5564e1ebf	d__Bacteria; p__Firmicutes; c__Clostridia; o__Lachnospirales; f__Lachnospiraceae; g__Agathobacter	0.946979884
8e2da535041fca7c61c1636ca42da156	d__Bacteria; p__Firmicutes; c__Bacilli; o__Lactobacillales; f__Lactobacillaceae	0.445306353
960a80faf46138a55a8550a33cd18499	d__Bacteria; p__Bacteroidota; c__Bacteroidia; o__Bacteroidales; f__Bacteroidaceae; g__Bacteroides	0.999999984
ac76d102caf414f3e8dff1da3b840171	d__Bacteria; p__Proteobacteria; c__Gammaproteobacteria; o__Enterobacterales; f__Enterobacteriaceae; g__Escherichia-Shigella	0.76603244
b86d25ea165e072752106e218adeffc8	d__Bacteria; p__Firmicutes; c__Bacilli; o__Staphylococcales; f__Staphylococcaceae; g__Staphylococcus	0.970234883
0aa25fe9997f07a932484c3b5a10a0b2	d__Bacteria; p__Firmicutes; c__Bacilli; o__Bacillales; f__Bacillaceae; g__Bacillus	0.999467044
f6b3e02ddb51771a55387ebe7c0b7f5d	d__Bacteria; p__Proteobacteria; c__Gammaproteobacteria; o__Enterobacterales; f__Enterobacteriaceae	0.50727298
ce3ab90dada5391ca3cb9dd6b1401dd5	d__Bacteria; p__Bacteroidota; c__Bacteroidia; o__Bacteroidales; f__Bacteroidaceae; g__Bacteroides	0.945069614
930227652a7112b1e8e0d1d2eb10eba7	Unassigned	0.90556387
b899e2ff8ff4cd80c0bd71d67f85e166	d__Bacteria; p__Firmicutes	0.889146024
d25b9a97403dea7dd5b828c764461776	d__Bacteria; p__Bacteroidota; c__Bacteroidia; o__Bacteroidales; f__Bacteroidaceae; g__Bacteroides	0.99999996
9eec757b839600ae29e99f0f5013ad90	d__Bacteria; p__Bacteroidota	0.938782126
ab157c1ea1fae284fa924f8fe9e91323	d__Bacteria; p__Bacteroidota; c__Bacteroidia; o__Bacteroidales; f__Bacteroidaceae; g__Bacteroides; s__Bacteroides_stercoris	0.867911584
56d63aa9bec966aad13a035a21e3b7ec	d__Bacteria; p__Bacteroidota; c__Bacteroidia; o__Bacteroidales; f__Bacteroidaceae; g__Bacteroides	0.999999995
a75fc9cd810e4a5d34d90e53e6f81f1c	d__Bacteria; p__Bacteroidota; c__Bacteroidia; o__Bacteroidales; f__Rikenellaceae; g__Alistipes	0.999999874
7492da7cff797c27188928e249d40076	d__Bacteria; p__Proteobacteria; c__Gammaproteobacteria; o__Pseudomonadales; f__Pseudomonadaceae; g__Pseudomonas	0.999841111
e83c2018e5ac6c0f01b6c3086b7bbbd8	Unassigned	0.757144134
4d22ad9c0335801c997a0271e328fc12	d__Bacteria; p__Bacteroidota; c__Bacteroidia; o__Bacteroidales; f__Bacteroidaceae; g__Bacteroides; s__Bacteroides_dorei	0.745738026
e127b1a3b3a29436b9196bbcae09634c	d__Bacteria; p__Bacteroidota; c__Bacteroidia; o__Bacteroidales; f__Bacteroidaceae	0.933286109
0552a1c04219f6f10d90f864770000d6	d__Bacteria; p__Firmicutes; c__Bacilli; o__Lactobacillales; f__Listeriaceae; g__Listeria	0.999992877
b55cc19d9e50de5ada6128d604771abe	Unassigned	0.784117041
50409fb67393939844207dac154a17e7	d__Bacteria; p__Bacteroidota; c__Bacteroidia; o__Bacteroidales; f__Bacteroidaceae; g__Bacteroides	0.926042908
e18aba69c1319dae7fd64a5a21c1a993	d__Bacteria; p__Bacteroidota; c__Bacteroidia; o__Bacteroidales; f__Bacteroidaceae; g__Bacteroides	0.945734396
2ea1496304b6132cc8cabe14e8da73ea	d__Bacteria; p__Bacteroidota; c__Bacteroidia; o__Bacteroidales; f__Rikenellaceae; g__Alistipes	0.834944471
123bcfbfc6b0cc94038679309034c98f	d__Bacteria; p__Bacteroidota; c__Bacteroidia; o__Bacteroidales; f__Bacteroidaceae; g__Bacteroides	0.945918318
0aafa3e0ce506d942c4e064b96502b5e	d__Bacteria; p__Firmicutes; c__Bacilli; o__Lactobacillales; f__Listeriaceae; g__Listeria	0.705820182
31139b2b98e3870f332d14e241979762	d__Bacteria; p__Proteobacteria; c__Alphaproteobacteria; o__Rhodospirillales; f__uncultured; g__uncultured; s__Azospirillum_sp.	0.994926369
9de7f477e4a4686de3f7b21b3f755959	d__Bacteria; p__Bacteroidota; c__Bacteroidia; o__Bacteroidales; f__Bacteroidaceae; g__Bacteroides	0.999999975
20e1524c74c2a5b07d1fd37d5d77e3a9	d__Bacteria; p__Bacteroidota; c__Bacteroidia; o__Bacteroidales; f__Bacteroidaceae; g__Bacteroides; s__Bacteroides_vulgatus	0.856810946
bdfd60e48926d8dfc158bc3be040d93a	d__Bacteria; p__Bacteroidota; c__Bacteroidia; o__Bacteroidales; f__Rikenellaceae; g__Alistipes	0.99999999
16688ee0931264d4f79cec55e4373e2a	d__Bacteria; p__Proteobacteria; c__Gammaproteobacteria; o__Enterobacterales; f__Enterobacteriaceae; g__Escherichia-Shigella	0.948368105
57591e0e32408ef5d965624ac7180b46	Unassigned	0.827598873
b1143b87a0219ca62a0d0a6ee2b84c80	d__Eukaryota	0.928635751
8c337efbbdf886f11d740c13dcbdb00a	d__Bacteria; p__Firmicutes; c__Bacilli; o__Staphylococcales; f__Staphylococcaceae; g__Staphylococcus	0.964972442
13ea3a1abc7883a0d1eb67e0e07512a6	d__Eukaryota	0.804146063
12af4a9565fc73fc6ac6601ec2df37ec	d__Bacteria; p__Firmicutes; c__Clostridia; o__Lachnospirales; f__Lachnospiraceae; g__Lachnospiraceae_NK4A136_group	0.876758844
5db019205b40cb628eabd2f25d2cf281	d__Bacteria; p__Proteobacteria; c__Gammaproteobacteria; o__Enterobacterales; f__Enterobacteriaceae	0.978574626
33e7b2f80e1422e53821112d153c17d6	d__Bacteria; p__Firmicutes; c__Clostridia; o__Oscillospirales; f__Ruminococcaceae; g__Ruminococcus; s__Ruminococcus_bicirculans	0.988224247
3878307dd507414635b5565aa7deb7b6	Unassigned	0.757896892
091a661732f4a557722e19987c21afca	d__Bacteria; p__Bacteroidota; c__Bacteroidia; o__Bacteroidales; f__Tannerellaceae; g__Parabacteroides; s__Parabacteroides_merdae	0.998585334
12a257d981961b84907bd52af4dc37e4	d__Bacteria; p__Firmicutes; c__Clostridia; o__Oscillospirales; f__Ruminococcaceae; g__Ruminococcus; s__Ruminococcus_bicirculans	0.944272454
72f28393f7cbe1338541cb4039c94cd4	d__Bacteria; p__Firmicutes; c__Clostridia; o__Lachnospirales; f__Lachnospiraceae	0.999999669
cd6547aa13350dad79ed76960b48f0f4	Unassigned	0.917755383
17fb80a2f9f781d50ff5209a30a247ce	d__Bacteria; p__Bacteroidota; c__Bacteroidia; o__Bacteroidales; f__Bacteroidaceae; g__Bacteroides	0.99999998
9dd832376ad90b0c89e33c56c8bbd4dd	Unassigned	0.839796594
82e3410799d87aaa31dbb14d1df916d7	Unassigned	0.407819669
83ea19929627c5c2e1239ea33c81fe38	d__Bacteria; p__Firmicutes; c__Clostridia; o__Lachnospirales; f__Lachnospiraceae; g__Lachnospira; s__uncultured_bacterium	0.747200936
1e5b8e641a60b17cbb3de522225c8769	d__Bacteria; p__Bacteroidota; c__Bacteroidia; o__Bacteroidales; f__Bacteroidaceae; g__Bacteroides	0.999997881
0ff1b3e352871bc7e5465b95536e1796	Unassigned	0.95817274
0fdb364ddca36274dcb06bd2db264cb8	d__Bacteria; p__Firmicutes; c__Clostridia; o__Oscillospirales; f__Ruminococcaceae; g__Faecalibacterium	0.99990383
192252a3fe0421c4a84f75080487264a	Unassigned	0.84374934
841863368a81149e3b96407fd1e47b92	Unassigned	0.953003509
5942c8378c15adad2a587898553091d6	Unassigned	0.925923099
683161d24be57ca6c0c0c392827eb6ab	d__Eukaryota	0.916999778
eb92133091705e6261727a9312bb00f8	d__Bacteria; p__Bacteroidota; c__Bacteroidia; o__Bacteroidales; f__Bacteroidaceae; g__Bacteroides	0.999999986
8dfa6c6870ae9b55d19ab8986b919919	Unassigned	0.832831769
e5abfabb563a54394735e110b2badd72	d__Bacteria; p__Firmicutes; c__Clostridia; o__Lachnospirales; f__Lachnospiraceae; g__Coprococcus	0.991960089
747b1fbf79afc94857a10dfe3a600a4b	d__Bacteria; p__Proteobacteria; c__Gammaproteobacteria; o__Burkholderiales; f__Sutterellaceae; g__Sutterella; s__Sutterella_wadsworthensis	0.759591879
8bc60bdcc122dce867abb6837879b613	d__Bacteria; p__Firmicutes; c__Clostridia; o__Oscillospirales; f__Ruminococcaceae	0.995533797
005494eb7623cd73d6e7782a30771ee4	Unassigned	0.865788412
0e8dd091b516649453e7080084a0be0b	d__Bacteria; p__Firmicutes; c__Clostridia; o__Oscillospirales; f__Ruminococcaceae; g__Faecalibacterium	0.999833037
4ea17de897477fd565fcd42a8d95414e	Unassigned	0.693121763
a56819ddd69b4e89e765d81da15de935	d__Bacteria; p__Bacteroidota; c__Bacteroidia; o__Bacteroidales; f__Bacteroidaceae; g__Bacteroides	0.999999961
eb8b7e835a3d51d9166db7b5f615b09f	Unassigned	0.768362128
4314bd67c59a590a67776f658d110ad1	d__Bacteria; p__Firmicutes; c__Clostridia; o__Lachnospirales; f__Lachnospiraceae; g__Lachnospiraceae_NK4A136_group	0.815075322
4a6784517f3ee30200d48197e1fd1880	d__Bacteria; p__Firmicutes; c__Clostridia; o__Oscillospirales; f__Ruminococcaceae; g__Faecalibacterium	0.999787512
09309e111f6082e23e10c5152f9798ad	d__Bacteria; p__Bacteroidota; c__Bacteroidia; o__Bacteroidales; f__Bacteroidaceae; g__Bacteroides	0.999999991
967109b0209091f9a57a7532f69b9a52	Unassigned	0.818615247
6d83376a12629ac5e1dbacb8019bc00d	d__Bacteria; p__Firmicutes; c__Clostridia; o__Lachnospirales; f__Lachnospiraceae	0.999998794
00550676d7dacf6e96312addc098e4f4	d__Eukaryota	0.941851845
b1797e8beeb295ba8f64535609c72599	d__Bacteria; p__Bacteroidota; c__Bacteroidia; o__Bacteroidales; f__Bacteroidaceae; g__Bacteroides	0.999999964
c2684635ef21535e5cca78e9b2a6cfc7	d__Bacteria; p__Bacteroidota; c__Bacteroidia; o__Bacteroidales; f__Rikenellaceae; g__Alistipes	0.999999997
69106ee4ef109e22b6d0a3204f640b76	d__Bacteria; p__Firmicutes; c__Clostridia; o__Oscillospirales; f__Ruminococcaceae; g__Faecalibacterium	0.999516657
4caae2fc9b30f86a6e0b997f170619d8	d__Bacteria; p__Bacteroidota; c__Bacteroidia; o__Bacteroidales; f__Bacteroidaceae; g__Bacteroides; s__Bacteroides_vulgatus	0.859884093
669dd79eb4d0deb9a952388e488da5e9	d__Bacteria; p__Bacteroidota; c__Bacteroidia; o__Bacteroidales; f__Bacteroidaceae; g__Bacteroides; s__Bacteroides_finegoldii	0.975602098
e268d7d90f9f20c6a5d360793984af45	Unassigned	0.919116337
a7fb642032b54ebf2cdba553ddbf9701	d__Bacteria; p__Firmicutes; c__Clostridia; o__Lachnospirales; f__Lachnospiraceae; g__[Eubacterium]_eligens_group	0.997062996
b12fc25ffdccaa1dbd31033641b55e36	Unassigned	0.947871747
ea8cc02cccdb04eb7a2bf1786b824a02	Unassigned	0.910064248
45981247bf533ad1796fe881ba95f1a1	d__Bacteria; p__Firmicutes; c__Clostridia; o__Lachnospirales; f__Lachnospiraceae; g__Blautia	0.991970064
6706bdf4d46687b3c1fd00c810a6ea01	d__Bacteria; p__Firmicutes; c__Clostridia; o__Oscillospirales; f__Oscillospiraceae; g__UCG-003	0.99903845
5fd8e3d60e450a8b68e2f6b93bd333de	d__Bacteria; p__Firmicutes; c__Negativicutes; o__Acidaminococcales; f__Acidaminococcaceae; g__Phascolarctobacterium	0.999999418
b0efc1502d3371ff77b7ebd8a64aa800	d__Bacteria; p__Firmicutes; c__Clostridia; o__Lachnospirales; f__Lachnospiraceae; g__Fusicatenibacter	0.996896733
2544580458df3fccfc7e1dc85f28aa93	d__Bacteria; p__Proteobacteria; c__Gammaproteobacteria; o__Burkholderiales; f__Sutterellaceae; g__Sutterella; s__Sutterella_wadsworthensis	0.853221342
1ef1db9b2a4605bba32590e99f943668	d__Eukaryota	0.943179076
d33b0289567b6bdbe97fb8ebb9e987bf	Unassigned	0.313921979
641e0b7e3fc8d58832e2504bd4c0308f	d__Bacteria; p__Firmicutes; c__Clostridia; o__Lachnospirales; f__Lachnospiraceae; g__[Eubacterium]_eligens_group	0.997526231
cff467d9f8adb1f0b580f2f50696b694	d__Bacteria; p__Firmicutes; c__Clostridia; o__Oscillospirales; f__Ruminococcaceae; g__Subdoligranulum	0.999864569
fd9967c06f687796995e8bd7cfc7fbbb	Unassigned	0.918479452
afff86946b6158661661576be3b6df77	d__Bacteria; p__Bacteroidota; c__Bacteroidia; o__Bacteroidales; f__Barnesiellaceae; g__Barnesiella	0.999999955
70bc80c7f049e13da3b7ac4aa6eb4547	d__Bacteria; p__Proteobacteria; c__Gammaproteobacteria; o__Burkholderiales; f__Sutterellaceae; g__Sutterella; s__gut_metagenome	0.825214315
e3e1d62440f939181c9896f372a8955d	Unassigned	0.949373897
1f27363e47ef382f3c5a5a71dab1b519	Unassigned	0.79961339
f184c9b39ec31e44cfc7294d494ef5de	Unassigned	0.960102998
028f9596e974ee47b735ba8ee8a328f3	d__Eukaryota	0.922458684
33a6b84f72d1998886a5fdae0b0b43bf	Unassigned	0.807490422
c1b74b9cbdfebf22bc293977713efb7f	d__Eukaryota	0.956145115
ca07e3a036eef513fd2c6028837d5b5b	d__Eukaryota	0.937813692
3f698e5fcf89b15ab9d457df604da0f3	d__Bacteria; p__Firmicutes; c__Clostridia; o__Lachnospirales; f__Lachnospiraceae; g__Roseburia	0.973548084
32604a92c0df2a7bf4a6e6a109e6fa4a	Unassigned	0.754273208
8d4119d77c5d7ad9c58bb85636d0c412	d__Bacteria; p__Firmicutes; c__Clostridia; o__Oscillospirales; f__Ruminococcaceae; g__Subdoligranulum; s__uncultured_bacterium	0.723204927
d5ff6236991611893c23e9ccf45f6156	d__Bacteria; p__Firmicutes; c__Clostridia; o__Oscillospirales; f__Oscillospiraceae; g__NK4A214_group	0.9820263
242654bde7f66796199f59586be69f90	Unassigned	0.814266392
2e5b0509e19f5abbfa49c955e441e93c	Unassigned	0.782159889
aaf264637d239a4c71a5766492a048ce	Unassigned	0.557290863
09566d1ab7c9d5a5e3e36c7963f6ea0c	d__Bacteria; p__Firmicutes; c__Clostridia; o__Peptostreptococcales-Tissierellales; f__Peptostreptococcaceae; g__Romboutsia	0.931976578
c1c17a133e5d3d4e01aa8392a1d5f144	Unassigned	0.840229931
cc9aac9825879d8e7d94efc5f4cc9a30	d__Eukaryota	0.918904425
1f9f429e43e123e8566c645bbf36584d	Unassigned	0.960106039
288bdf5c3bde2e5df7c65afaa2dfec75	d__Bacteria; p__Firmicutes; c__Clostridia; o__Oscillospirales; f__Oscillospiraceae; g__UCG-002; s__uncultured_organism	0.871764298
17bcf2746803d36228d47386c5e02bc3	d__Bacteria; p__Proteobacteria; c__Alphaproteobacteria; o__Rhodospirillales; f__uncultured; g__uncultured; s__gut_metagenome	0.999458531
9b8cab43cda20d60202b3b2091770dea	Unassigned	0.725510378
efa4b1172ad41c3021e15c991157adb7	d__Bacteria; p__Firmicutes; c__Clostridia; o__Oscillospirales; f__Oscillospiraceae; g__UCG-002	0.999191115
92f8bf9146c018df09f16871d6b2fe1a	d__Bacteria; p__Firmicutes; c__Clostridia; o__Lachnospirales; f__Lachnospiraceae; g__Roseburia	0.98532257
247a4db1d3fbc498c959a8a524e40dbb	Unassigned	0.884038508
c7d7bd314bd22640f7969bbe37d22122	d__Bacteria; p__Firmicutes; c__Clostridia; o__Monoglobales; f__Monoglobaceae; g__Monoglobus	0.999998379
85aef28799e2e7b171b9d609387ee650	Unassigned	0.951781179
101a5a6b33cd5557a52ba562bd4ccbd1	d__Bacteria; p__Firmicutes; c__Clostridia; o__Oscillospirales; f__Oscillospiraceae; g__Oscillibacter	0.999598224
f8ccb887dd5a490b9c950839128e9320	d__Bacteria; p__Firmicutes; c__Clostridia; o__Lachnospirales; f__Lachnospiraceae; g__[Eubacterium]_hallii_group	0.999980245
884df8826417b90fffe9138b35873400	Unassigned	0.957442588
b2b52a079d35fb010613141ff0b0597f	d__Bacteria; p__Bacteroidota; c__Bacteroidia; o__Bacteroidales; f__Bacteroidaceae; g__Bacteroides	0.999999993
0bb983a2000b87e148b44f8ac6fd254f	d__Bacteria; p__Firmicutes; c__Clostridia; o__Oscillospirales; f__[Eubacterium]_coprostanoligenes_group; g__[Eubacterium]_coprostanoligenes_group; s__gut_metagenome	0.793361601
93f45ea9daf10ba924f3a94ad8b8754a	d__Bacteria; p__Firmicutes; c__Clostridia; o__Lachnospirales; f__Lachnospiraceae; g__Anaerostipes	0.999830136
149712ab5e92bd78454f6cec4ad7706b	Unassigned	0.93646132
8cf02f99d61bbb5cbd895a77dc833356	d__Bacteria; p__Bacteroidota; c__Bacteroidia; o__Bacteroidales; f__Bacteroidaceae; g__Bacteroides	0.999999993
3dad9493de2e1f9eee172da412ad8492	d__Bacteria; p__Bacteroidota; c__Bacteroidia; o__Bacteroidales; f__Muribaculaceae; g__Muribaculaceae; s__uncultured_bacterium	0.808234456
f1ea46bab302153aff557d08e2c3d27c	d__Bacteria; p__Bacteroidota; c__Bacteroidia; o__Bacteroidales; f__Marinifilaceae; g__Odoribacter; s__Odoribacter_splanchnicus	0.963757168
275c4783e4fa54cbd9ac914e1e0ac8c6	Unassigned	0.540189724
204fe8d199779def50d3c5087ff05dcc	Unassigned	0.93454017
4fe3a6c2d07439bd60bf5de72f885630	Unassigned	0.918794178
0c768981fc04cee857a1fbf3d5021ef5	d__Bacteria; p__Firmicutes; c__Clostridia; o__Lachnospirales; f__Lachnospiraceae; g__Lachnospiraceae_UCG-004	0.84456069
a6de5c1a47b4bb9b794a29d8b7240cdc	d__Bacteria; p__Bacteroidota; c__Bacteroidia; o__Bacteroidales; f__Muribaculaceae; g__Muribaculaceae; s__uncultured_Barnesiella	0.879145466
ead7edc54160fbae5dbbcb56185d4fcd	Unassigned	0.871727016
042bed9ad914d2fc88e0aac2f4e52f41	d__Bacteria; p__Firmicutes; c__Clostridia; o__Lachnospirales; f__Lachnospiraceae; g__Roseburia	0.988209406
c2e5d009d1a9e25961108346ec5ff9a5	d__Bacteria; p__Firmicutes; c__Clostridia; o__Oscillospirales; f__Butyricicoccaceae; g__Butyricicoccus; s__Butyricicoccus_sp.	0.758635107
631761d16601388a2e0a4ccf7d74d294	Unassigned	0.821055518
dd3b1b78a4f05c41607c9c08698bb983	d__Bacteria; p__Firmicutes; c__Clostridia; o__Oscillospirales; f__Ruminococcaceae; g__Ruminococcus; s__Ruminococcus_callidus	0.943162105
cece7e85f44ef2d6c6e3ddae1a21fe44	Unassigned	0.787976276
f7a19e87cac1b4f9dd3e299967b301ee	d__Bacteria; p__Firmicutes; c__Clostridia; o__Oscillospirales; f__Oscillospiraceae; g__UCG-002	0.996916333
c55f6c19b279986cc251ab60bdbc561b	d__Eukaryota	0.937392712
d1e8e79fd9e0a0be37b6b8b2a83a9466	d__Bacteria; p__Firmicutes; c__Negativicutes; o__Acidaminococcales; f__Acidaminococcaceae; g__Phascolarctobacterium; s__uncultured_Firmicutes	0.815061984
f4e2214d443b35918a2eda6014338848	d__Bacteria; p__Firmicutes; c__Clostridia; o__Lachnospirales; f__Lachnospiraceae; g__[Eubacterium]_xylanophilum_group	0.977566358
c6d2de9425d9e64144cfa7ab461f46ee	Unassigned	0.780283642
ca73681106b67d96a54e0ae80b8eb1f0	d__Bacteria; p__Firmicutes; c__Clostridia; o__Oscillospirales; f__Oscillospiraceae; g__Colidextribacter	0.991471168
6282ef34a475cd4f43c87568664d7326	d__Bacteria; p__Bacteroidota; c__Bacteroidia; o__Bacteroidales; f__Bacteroidaceae; g__Bacteroides	0.999999946
a2db580766ca70fa28a41a8876884f1d	d__Bacteria; p__Bacteroidota; c__Bacteroidia; o__Bacteroidales; f__Marinifilaceae; g__Odoribacter; s__Odoribacter_splanchnicus	0.767528358
918edbee3faa5d481f388f8a03b78a6c	Unassigned	0.759035727
a05ca9458853c65593cd374775c73a73	Unassigned	0.881631775
c6ae91516a2354e9d7ee12997c90642d	d__Bacteria; p__Firmicutes; c__Clostridia; o__Oscillospirales; f__Oscillospiraceae; g__NK4A214_group	0.982698678
ee567cf223030b6d9d92f4c9625721c3	Unassigned	0.891874598
026f830c297aa1d4abd70a648bdf63ba	Unassigned	0.863948789
e258ed2027faa84a49df596dec6808b2	d__Bacteria; p__Firmicutes; c__Clostridia; o__Lachnospirales; f__Lachnospiraceae; g__Lachnospiraceae_UCG-001	0.871581319
9616bfe4f241873a314ecbe553aa1694	Unassigned	0.725921324
6d2ee9baf2e8475fd9fc44b436f33fc4	d__Bacteria; p__Proteobacteria; c__Gammaproteobacteria; o__Burkholderiales; f__Sutterellaceae; g__Sutterella; s__gut_metagenome	0.840888559
ebd354c42cd014cd0cae994947d20de6	d__Bacteria; p__Firmicutes; c__Clostridia; o__Oscillospirales; f__Oscillospiraceae; g__uncultured; s__Clostridium_sp.	0.806800131
ef38cddca589d93c9ba5d91a009725c0	d__Bacteria; p__Firmicutes; c__Clostridia; o__Oscillospirales; f__Ruminococcaceae; g__Ruminococcus	0.998032992
4c6cbc8aabf6c51ed5cc194b21c7241a	d__Bacteria; p__Firmicutes; c__Clostridia; o__Oscillospirales; f__Ruminococcaceae; g__Faecalibacterium	0.999853927
856e7d5b9317fc4bde5af096ccc5227d	Unassigned	0.820043936
e1f6985a5030cec166f2a6559d7638e8	d__Bacteria; p__Bacteroidota; c__Bacteroidia; o__Bacteroidales; f__Tannerellaceae; g__Parabacteroides	0.999999962
d0e190cba0671e4904819db24cfb7f05	Unassigned	0.801678599
4746a59aa0a0570b472146498e1f4c43	d__Bacteria; p__Firmicutes; c__Clostridia; o__Lachnospirales; f__Lachnospiraceae; g__[Eubacterium]_hallii_group	0.999972415
ecb7fc9dd5664388df1fa9db2f22ac67	Unassigned	0.628441451
981baf1b20e30cf4c5350304e4c1343d	d__Bacteria; p__Firmicutes; c__Clostridia; o__Lachnospirales; f__Lachnospiraceae	0.99999984
d9e676421372e78ade20e63978fecd18	d__Bacteria; p__Firmicutes; c__Clostridia; o__Oscillospirales; f__Ruminococcaceae; g__Faecalibacterium	0.99980937
cc8bdf386cb6fcd0a822a2653d54a02a	Unassigned	0.93588204
708cd597b872a9991972707dc1bcd870	Unassigned	0.760710351
c50ef5a35dfadcf78b30200f792cf6b5	d__Bacteria; p__Firmicutes; c__Clostridia; o__Lachnospirales; f__Lachnospiraceae; g__Anaerostipes	0.999951329
b104e50c5c459d1869370461c0bcdbb5	Unassigned	0.958063847
37167b5ed9cf09f35a31b2d6bae9e119	Unassigned	0.709326181
34d4eac1af097a12fd9ae019de237312	d__Bacteria; p__Firmicutes; c__Clostridia; o__Lachnospirales; f__Lachnospiraceae; g__Blautia	0.995803796
5ff393a31dcbaeb825e95a6f4b42c77b	d__Bacteria; p__Bacteroidota; c__Bacteroidia; o__Bacteroidales; f__Tannerellaceae; g__Parabacteroides	0.999999945
77619258de8a46f423805b2ba7804fbe	Unassigned	0.902698543
d86d8d49fb0c0202981dda7965cad4e7	Unassigned	0.920000179
0a04fa12469696e5c1b4546a3ab8265e	d__Bacteria; p__Bacteroidota; c__Bacteroidia; o__Bacteroidales; f__Muribaculaceae; g__Muribaculaceae; s__uncultured_Barnesiella	0.715140613
9264fce8982e878e0c6c8adba3aa22f3	d__Bacteria; p__Firmicutes; c__Clostridia; o__Lachnospirales; f__Lachnospiraceae; g__Blautia	0.991011517
cda69c836c41623a202089ccfbcccf82	d__Bacteria; p__Firmicutes; c__Clostridia; o__Monoglobales; f__Monoglobaceae; g__Monoglobus	0.999671486
a4c5451a984e627310f9a748512d2465	d__Eukaryota	0.845402537
a53c883c7e11c315f3614decc0c65ffe	d__Bacteria; p__Bacteroidota; c__Bacteroidia; o__Bacteroidales; f__Bacteroidaceae; g__Bacteroides	0.99999994
b3aeeac27db541e53c0fff886c74f63e	Unassigned	0.933331235
1086ae9fab7f6b4dd8b53c8c21c44974	Unassigned	0.915525967
c1ad1159e0c84939459378e389b85863	d__Bacteria; p__Firmicutes; c__Clostridia; o__Lachnospirales; f__Lachnospiraceae; g__[Ruminococcus]_torques_group	0.983310296
9b171f22809cc4110e6029874987263a	Unassigned	0.965556107
1fcc576482cc6d33a40bedec21267f5d	d__Bacteria; p__Firmicutes; c__Clostridia; o__Lachnospirales; f__Lachnospiraceae; g__Dorea	0.975283309
46bc618476476bf92802b4596f6bcd64	d__Bacteria; p__Bacteroidota; c__Bacteroidia; o__Bacteroidales; f__Bacteroidaceae; g__Bacteroides	0.999999917
a9323e0e13f41725f1f2d36d999a2014	d__Bacteria; p__Bacteroidota; c__Bacteroidia; o__Bacteroidales; f__Rikenellaceae; g__Alistipes; s__Alistipes_shahii	0.962651755
7007bf29b2ad9c1f80e3ac1ae4f97468	d__Bacteria; p__Proteobacteria; c__Gammaproteobacteria; o__Burkholderiales; f__Sutterellaceae; g__Parasutterella	0.999999999
818b5fb537fc5b10359badd4b72e4e8f	Unassigned	0.675003042
b867bde02a126597c180191acb5d40a8	d__Bacteria; p__Firmicutes; c__Clostridia; o__Lachnospirales; f__Lachnospiraceae; g__Blautia	0.990369936
b236cc687f01b029cd05e3c67c6276ef	Unassigned	0.822808712
0b73ebeca17ed08b55d7489e0363bc1e	Unassigned	0.942025238
4156c817bc99a7d0fb030b5785d4bfe8	d__Bacteria; p__Proteobacteria; c__Gammaproteobacteria; o__Burkholderiales; f__Sutterellaceae; g__Sutterella; s__gut_metagenome	0.856190053
01c580a706354ee36c8cdcab28c4ec18	d__Bacteria; p__Firmicutes; c__Clostridia; o__Lachnospirales; f__Lachnospiraceae; g__Lachnospiraceae_UCG-001; s__Lachnospiraceae_bacterium	0.958201467
b323e1ef9fe352ace6d39a281447b874	d__Eukaryota	0.944469069
a4e55ab5e69c1f8336852823c469230a	Unassigned	0.779513783
0aca20da7b62db74a2087f1f5ec0a704	Unassigned	0.951338529
5bd662324d9db2ddb3068083e8b71f57	Unassigned	0.906254886
e19e2e8d86f79697d0ab718bb04f8283	d__Bacteria; p__Bacteroidota; c__Bacteroidia; o__Bacteroidales; f__Muribaculaceae; g__Muribaculaceae	0.999762119
011f1335005b5fa03d49f62afbb87440	d__Bacteria; p__Firmicutes; c__Clostridia; o__Lachnospirales; f__Lachnospiraceae; g__[Ruminococcus]_torques_group	0.980807301
5e0ee8574821d82e0d42f37712f621a5	d__Bacteria; p__Firmicutes; c__Clostridia; o__Oscillospirales; f__Oscillospiraceae; g__UCG-003	0.999338494
781f880b4ddf90b161ea144aec158af5	Unassigned	0.929531542
ac576573b75e409ea4d507a7115ff3ba	d__Bacteria; p__Firmicutes; c__Clostridia; o__Lachnospirales; f__Lachnospiraceae; g__Lachnospira	0.989185925
05d7e6d034e958fc58d2b5d57186da31	d__Bacteria; p__Firmicutes; c__Clostridia; o__Lachnospirales; f__Lachnospiraceae	0.999945898
bbd049b0fdab3770a58334d35900c67a	Unassigned	0.785896538
1f273e722736b2c6b1297fa41241e2bd	Unassigned	0.675975653
b44faa6ccbb5e7d369a260a5cf6deff5	Unassigned	0.779827361
0bab068bf4f9c2573e90592532b21e90	d__Bacteria; p__Firmicutes; c__Clostridia; o__Lachnospirales; f__Lachnospiraceae	0.999998289
2f35be4ca02a552451b92afa9a486081	Unassigned	0.883776
a7a67119a3e94b1fad7b4584d7fcb7b0	d__Bacteria; p__Bacteroidota; c__Bacteroidia; o__Bacteroidales; f__Tannerellaceae; g__Parabacteroides	0.999999732
f3228c7f892b501d81a5fc2fec5069f0	d__Bacteria; p__Firmicutes; c__Clostridia; o__Lachnospirales; f__Lachnospiraceae; g__[Eubacterium]_hallii_group	0.99995744
38faf7b6af1f87d068d9d41da998875e	d__Bacteria; p__Firmicutes; c__Clostridia; o__Oscillospirales; f__Ruminococcaceae; g__[Eubacterium]_siraeum_group	0.99948877
028b345567a5b38ebee2be6a53d81bd7	Unassigned	0.876050849
d7b9d246e4a6291c7a678349cfd3d71e	d__Bacteria; p__Firmicutes; c__Clostridia; o__Lachnospirales; f__Lachnospiraceae; g__Dorea; s__Dorea_formicigenerans	0.712424604
5ecfe49973fa9ff52f085d4071d64142	Unassigned	0.683543014
1d73aeb064373956184ce6254d394472	Unassigned	0.38911541
27ae30553ac789fdd0178edfa8583b75	Unassigned	0.500606424
c33af9c25a52988117c5bbd6461615dd	d__Bacteria; p__Firmicutes; c__Clostridia; o__Oscillospirales; f__Ruminococcaceae; g__Subdoligranulum	0.999361437
49db32b0fada0667628de78324b56aeb	d__Bacteria; p__Firmicutes; c__Bacilli; o__Erysipelotrichales; f__Erysipelatoclostridiaceae; g__Erysipelotrichaceae_UCG-003	0.999999272
a66e229fa1150dfa0904d448eafb1d37	d__Bacteria; p__Firmicutes; c__Clostridia; o__Oscillospirales; f__Ruminococcaceae; g__Faecalibacterium	0.999333289
69e0f7e153c3c1b6e146d5494a96f09b	d__Eukaryota	0.954297383
196e6d0a71b53fa023b48c7dc0f18a2a	d__Bacteria; p__Firmicutes; c__Clostridia; o__Lachnospirales; f__Lachnospiraceae; g__Lachnoclostridium; s__human_gut	0.713199627
028a5541d0292edd63573befa51ebf22	d__Bacteria; p__Firmicutes; c__Clostridia; o__Lachnospirales; f__Lachnospiraceae; g__Coprococcus	0.91110855
61a373660ac29e28683e14678aa0cf8c	Unassigned	0.869730873
33603457add00c31d74105c2d4621843	d__Bacteria; p__Bacteroidota; c__Bacteroidia; o__Bacteroidales; f__Tannerellaceae; g__Parabacteroides	0.999999895
fc473c56b78e4811304b6e2970e8becf	Unassigned	0.850748247
042bb276d16c033e14173ac53d6abf62	Unassigned	0.904921101
1624882249cc9cbe971ca62ff9985195	Unassigned	0.785026803
6303e5df2af30a4328292529ed23426c	d__Bacteria; p__Proteobacteria; c__Gammaproteobacteria; o__Burkholderiales; f__Sutterellaceae; g__Sutterella; s__gut_metagenome	0.903169198
e5a020d458cae410a49eec36ba816c5f	Unassigned	0.757510041
f99ff6c275db7c39e474b493934fddd3	d__Bacteria; p__Firmicutes; c__Clostridia; o__Clostridiales; f__Clostridiaceae; g__Clostridium_sensu_stricto_1	0.999815934
d68a29c91a63215e700c274d238ea30e	Unassigned	0.902957593
fb1ab51ad77867d9fdc4d9959f2271a4	Unassigned	0.932845148
e0aaa1b58345b82348b4bf18687a6233	d__Eukaryota	0.937278438
01eebca185e8a9a1b34c8802f4a1a5d1	d__Bacteria; p__Firmicutes; c__Clostridia; o__Lachnospirales; f__Lachnospiraceae; g__Roseburia	0.900213864
b1b122356bfec3505f4637b62a8d308e	d__Bacteria; p__Firmicutes; c__Clostridia; o__Lachnospirales; f__Lachnospiraceae; g__Blautia	0.99422617
c7d5491812253d73155eb078806165cf	Unassigned	0.705108591
7b94bce299cd81aabe63f23bf228f1dd	Unassigned	0.788073565
f951ad8539528edebb8ad38018486ed1	Unassigned	0.8518068
868818426211e448169bfab1acb80f53	d__Bacteria; p__Bacteroidota; c__Bacteroidia; o__Bacteroidales; f__Marinifilaceae; g__Odoribacter	0.999999982
8ffe16768359ae052d7383b19cf33aa7	d__Bacteria; p__Bacteroidota; c__Bacteroidia; o__Bacteroidales; f__Tannerellaceae; g__Parabacteroides	0.999999951
2b5c2b9a6ee03e00459ac3dea18b74bf	d__Bacteria; p__Firmicutes; c__Clostridia; o__Oscillospirales; f__Oscillospiraceae; g__uncultured	0.978396951
16fb85f577d1927fe955f54e5552e3e8	Unassigned	0.927983484
66945281a02c3eeb3b92d06ae78ccd77	Unassigned	0.827686119
8fe66bb7fa70c3727d857ffe86cfa6e3	Unassigned	0.7762121
ae867f35903715a7261c5f326ebed169	d__Bacteria; p__Firmicutes; c__Clostridia; o__Lachnospirales; f__Lachnospiraceae; g__Lachnospira	0.99044781
aec0e1db6daa24f479f9d73b8fd92ea0	Unassigned	0.633567826
d2bcf2fd259cd575129e240cc814a6e0	d__Eukaryota	0.959533939
744baa73abc89ba22fa46a5ad7fb5e7b	d__Bacteria; p__Desulfobacterota; c__Desulfovibrionia; o__Desulfovibrionales; f__Desulfovibrionaceae; g__Bilophila	0.999980174
2bafaf1ee4a6445711469be04c98f880	Unassigned	0.820866161
65a3212b0d975f1bea1567a5c27a3700	d__Eukaryota	0.939435247
6b8eef181dea05056bdfab5e3087476b	Unassigned	0.749295611
5cea653ac8f56e3802d9f01e2cfcebbd	Unassigned	0.948034619
50a407c206b2aefd88c03750e9253a59	d__Bacteria; p__Firmicutes; c__Clostridia; o__Lachnospirales; f__Lachnospiraceae; g__Coprococcus	0.999307745
01fd149546674159cb239872c7935016	d__Bacteria; p__Firmicutes; c__Clostridia; o__Lachnospirales; f__Lachnospiraceae; g__Coprococcus	0.914169632
74e1596c1a269ec5c379b8632c318fb2	Unassigned	0.937196742
8c90b649fadb6950de297adf6d075e4e	Unassigned	0.564703589
7bbb76183eae955d653442018bd33bcc	d__Bacteria; p__Firmicutes; c__Clostridia; o__Oscillospirales; f__Ruminococcaceae; g__Faecalibacterium	0.999637707
4f830ece4639b95dc3f8d2db5c8009c1	d__Bacteria; p__Firmicutes; c__Clostridia; o__Oscillospirales; f__[Eubacterium]_coprostanoligenes_group; g__[Eubacterium]_coprostanoligenes_group	0.99989602
67e3dade155498c855e76de8617eb6df	Unassigned	0.746844446
e526c794fee653c7e65fcf17d2634d72	d__Bacteria; p__Firmicutes; c__Clostridia; o__Lachnospirales; f__Lachnospiraceae	0.999984183
27d0325c517797337c6b92928fdfb20a	d__Bacteria; p__Firmicutes; c__Clostridia; o__Clostridiales; f__Clostridiaceae; g__Clostridium_sensu_stricto_1; s__Clostridium_paraputrificum	0.840737675
318f363aeb7b282c0dcbc812076afbe2	Unassigned	0.956963117
c5e3c362993c22166c8a670a94ae108d	d__Bacteria; p__Firmicutes; c__Clostridia; o__Oscillospirales; f__Butyricicoccaceae; g__Butyricicoccus	0.999989562
59dd3d7257c60f4a26c708f62e5ff890	d__Bacteria; p__Firmicutes; c__Clostridia; o__Lachnospirales; f__Lachnospiraceae; g__[Eubacterium]_ventriosum_group	0.996811795
68aabf35378a7ca94f11a7311ccec30a	d__Bacteria; p__Firmicutes; c__Clostridia; o__Lachnospirales; f__Lachnospiraceae; g__Agathobacter; s__Eubacterium_ramulus	0.893215313
42d5fd322bbb85713292982a39ea9751	Unassigned	0.97961751
0437e56ea6b75e4a09a71e5fe352e7de	d__Bacteria; p__Bacteroidota; c__Bacteroidia; o__Bacteroidales; f__Rikenellaceae; g__Alistipes; s__Alistipes_inops	0.999999101
a8a97fb835b7355ef9d727a5a9215840	d__Bacteria; p__Firmicutes; c__Clostridia; o__Lachnospirales; f__Lachnospiraceae	0.999985766
a58f67498ea586ac212a8df3ef3629b9	Unassigned	0.822162006
a27dc2e0358125847bfd30047189f8c8	Unassigned	0.892242621
442480c6866236e21e00c7525afcefd1	Unassigned	0.913212948
97af208c02d2b1eb8beafe577169ad3f	d__Eukaryota	0.874289078
2ff75b3ed54fee0424a4379c290c3afc	d__Bacteria; p__Firmicutes; c__Clostridia; o__Lachnospirales; f__Lachnospiraceae; g__CAG-56; s__uncultured_bacterium	0.962933999
c98cc410223b215300cbfe247fe96d85	d__Bacteria; p__Bacteroidota; c__Bacteroidia; o__Bacteroidales; f__Bacteroidaceae; g__Bacteroides; s__Bacteroides_nordii	0.949512246
da74d194d3c361ff979efcfd7e6bd355	d__Bacteria; p__Firmicutes; c__Negativicutes; o__Veillonellales-Selenomonadales; f__Veillonellaceae; g__Dialister; s__Dialister_invisus	0.701325545
349138f8680f10b4929a40616aa10d08	d__Bacteria; p__Firmicutes; c__Clostridia; o__Lachnospirales; f__Lachnospiraceae; g__Roseburia	0.955860758
7c21344cf3675ec9cc3f28f2ac5f763c	Unassigned	0.909313613
f4482dc0c901ccd1e256977955ad3983	Unassigned	0.939875204
6e994d0364aa2dc1a899759eb5d4b559	d__Bacteria; p__Firmicutes; c__Clostridia; o__Oscillospirales; f__Oscillospiraceae; g__Colidextribacter	0.984409913
0f5db76683f8b4466c014f8e37a815f2	Unassigned	0.796899454
d125a193dbd77d2a4b5ac6bba3481aab	Unassigned	0.8454722
8adb544da2a3158f3e73d29e1ea24c4d	d__Bacteria; p__Firmicutes; c__Clostridia; o__Lachnospirales; f__Lachnospiraceae; g__[Ruminococcus]_gauvreauii_group	0.94363561
6b020cbcd090d2a0909df47131d1a3ec	d__Bacteria; p__Firmicutes; c__Bacilli; o__Erysipelotrichales; f__Erysipelotrichaceae; g__Turicibacter	0.999999969
68855e70941e3d06a52eff45f97f5100	Unassigned	0.863637484
2569902dea6fb79d221b58ae321dfc30	Unassigned	0.876651192
70d27aafb37f7805e2d59853e3fc7be1	Unassigned	0.878328556
71b7519cee0d7ceec0f069f308b9ecbd	Unassigned	0.81300395
9f34f5e5c9689a4263d73ae193bb31f0	Unassigned	0.879812531
fb2ccae4347197bb5c9822c76fe5e01f	d__Bacteria; p__Firmicutes; c__Clostridia; o__Lachnospirales; f__Lachnospiraceae	0.999996543
9637585b9564010c3dbd26ec6e5fa8ea	d__Bacteria; p__Firmicutes; c__Clostridia; o__Oscillospirales; f__Ruminococcaceae; g__Incertae_Sedis	0.999946775
798d3c2f3f09340afe96d1976324b21a	Unassigned	0.967769965
922abbacac3c259ecb1409d42f74e598	d__Bacteria; p__Firmicutes; c__Clostridia; o__Lachnospirales; f__Lachnospiraceae; g__Agathobacter	0.921135929
d9f73978c820f2fdc3a48b11d91a5d4d	Unassigned	0.903287391
1b0684eb079ca2395e5b59904be94c6c	Unassigned	0.742384301
0f6548970cc65fe9abcb53ca55db839b	Unassigned	0.827605776
b17ccbe53ab423b7853253aa45542495	d__Bacteria; p__Firmicutes; c__Bacilli; o__Erysipelotrichales; f__Erysipelotrichaceae; g__Turicibacter; s__uncultured_bacterium	0.727678318
9d78746e7f18dd0aff9fe342f427e6bc	Unassigned	0.929762251
ea319f1252a1647cc11aacd33c68c81e	d__Bacteria; p__Firmicutes; c__Clostridia; o__Lachnospirales; f__Lachnospiraceae; g__Frisingicoccus	0.999779332
c37581bc95080e4c626173a9c89f755b	d__Bacteria; p__Firmicutes; c__Clostridia; o__Lachnospirales; f__Lachnospiraceae; g__Agathobacter	0.87706872
6414ecd932ed5e7a016490d5bf5330f6	d__Bacteria; p__Firmicutes; c__Clostridia; o__Oscillospirales; f__Ruminococcaceae; g__uncultured; s__human_gut	0.978099737
32a68cb8ba860b9b81359151f17a44bf	d__Bacteria; p__Firmicutes; c__Clostridia; o__Lachnospirales; f__Lachnospiraceae; g__Lachnospiraceae_ND3007_group	0.999981271
5121a0b7e1fa0ef3421145c161f04144	Unassigned	0.943944139
f2dd986f126e5fcab155cb1df3f4a7a6	d__Bacteria; p__Firmicutes; c__Clostridia; o__Lachnospirales; f__Lachnospiraceae; g__Roseburia; s__gut_metagenome	0.94060452
fdcab9ead4f1e159ea0cce7f56d8d883	Unassigned	0.946512626
c57844fb28d81584f1fe26d8868ea172	d__Bacteria; p__Firmicutes; c__Clostridia; o__Lachnospirales; f__Lachnospiraceae	0.99466379
ac850da3e969c69dce74b980c7be1e50	d__Bacteria; p__Firmicutes; c__Clostridia; o__Lachnospirales; f__Lachnospiraceae; g__[Eubacterium]_ventriosum_group	0.997683449
60620a56b6d0b4f89c508be0afc1b948	Unassigned	0.925862836
6e227c8069fb6910b63465c1a4f67cca	d__Bacteria; p__Firmicutes; c__Clostridia; o__Lachnospirales; f__Lachnospiraceae; g__Lachnospiraceae_NK4A136_group	0.925122804
d18dd3228d6d9e59a4f49a312a3ea6e6	Unassigned	0.78786573
a3d86dc3f468e303e3e5a4cfedf82327	d__Bacteria; p__Firmicutes; c__Clostridia; o__Oscillospirales; f__Ruminococcaceae; g__Incertae_Sedis; s__uncultured_organism	0.996783645
6a483fbd4a40c21c249eae678687f680	d__Bacteria; p__Firmicutes; c__Clostridia; o__Lachnospirales; f__Lachnospiraceae; g__Coprococcus	0.99909422
dba2fbafbe3cc069d0bdd0e3c9926eea	Unassigned	0.932717682
9303f1b0ddc808d41a7197866375da4e	Unassigned	0.896419205
87af2eb2ce11f1dd485ab286364dc09a	d__Bacteria; p__Bacteroidota; c__Bacteroidia; o__Bacteroidales; f__Tannerellaceae; g__Parabacteroides; s__Parabacteroides_goldsteinii	0.821043396
9f209466a668b2f98e1476b350c5ebb9	d__Bacteria; p__Firmicutes; c__Clostridia; o__Lachnospirales; f__Lachnospiraceae	0.999998023
5030ed3b594aa7dee9fb93a135a86849	d__Bacteria; p__Firmicutes; c__Clostridia; o__Oscillospirales; f__Ruminococcaceae; g__Incertae_Sedis; s__[Clostridium]_leptum	0.953433903
b61573bc1eca5002e429ce0b416862de	d__Bacteria; p__Firmicutes; c__Clostridia; o__Oscillospirales; f__Oscillospiraceae; g__Colidextribacter	0.893575656
a490fe0b64fb16622cc56d6aba3ec979	d__Bacteria; p__Firmicutes; c__Clostridia; o__Peptostreptococcales-Tissierellales; f__Anaerovoracaceae; g__Family_XIII_UCG-001; s__uncultured_bacterium	0.986981657
c61f69e8e90e20fab1d92eaf3e3e86a8	d__Bacteria; p__Bacteroidota; c__Bacteroidia; o__Bacteroidales; f__Rikenellaceae; g__Alistipes; s__Alistipes_finegoldii	0.992018043
0fcbe72ac2bc01b1eb6743f0d2bc50c8	d__Bacteria; p__Firmicutes; c__Clostridia; o__Lachnospirales; f__Lachnospiraceae; g__Lachnospiraceae_UCG-010; s__uncultured_bacterium	0.995319844
77ee100b7054229596c3eb2d56863a0a	d__Bacteria; p__Firmicutes; c__Clostridia; o__Lachnospirales; f__Lachnospiraceae; g__Frisingicoccus	0.999512368
f9d53328f03698360a6cc72c17dc6e5f	Unassigned	0.728335941
ae6ae8d7abd3fb7cfb35b1ffb6a14722	d__Bacteria; p__Firmicutes; c__Clostridia; o__Oscillospirales; f__Oscillospiraceae	0.999893761
65015452588a82bdbc91e766feae8073	d__Bacteria; p__Firmicutes; c__Clostridia; o__Oscillospirales; f__Butyricicoccaceae; g__Butyricicoccus; s__uncultured_bacterium	0.873646946
f1920a27de437b6e6c346e423caf2d36	Unassigned	0.638973876
a24c30263e5f69903d528de9be3763df	Unassigned	0.845690693
d4b1a31a3a2797762835e98020fd4e9e	d__Bacteria; p__Firmicutes; c__Clostridia; o__Lachnospirales; f__Lachnospiraceae; g__Lachnospiraceae_UCG-010; s__uncultured_bacterium	0.990440178
34acb3c254b983ab4af976d0adfa1eba	d__Bacteria; p__Firmicutes; c__Clostridia; o__Lachnospirales; f__Lachnospiraceae; g__Roseburia	0.97812081
7cd1a3981c987b97e305c0531eb21652	Unassigned	0.878143773
10515b5b37b4e3ca34f9f81b392c6010	d__Bacteria; p__Firmicutes; c__Clostridia; o__Lachnospirales; f__Lachnospiraceae	0.999996836
cb2e97275fac2a39b83cca5a9ed03e45	Unassigned	0.890231845
69f844a5eeb7e0fbe6767376a996d6db	d__Bacteria; p__Firmicutes; c__Clostridia; o__Oscillospirales; f__Oscillospiraceae; g__Oscillibacter	0.747437509
107bb754583dc68434d5b805faa5f1aa	Unassigned	0.855631551
2414717074a15a84021d074e9779138c	d__Bacteria; p__Firmicutes; c__Clostridia; o__Lachnospirales; f__Lachnospiraceae; g__Lachnospiraceae_UCG-010; s__uncultured_organism	0.964455144
3c70ef04c35811aa96e9c0bd8c1b491f	d__Bacteria; p__Firmicutes; c__Clostridia; o__Lachnospirales; f__Lachnospiraceae; g__[Eubacterium]_eligens_group	0.996684407
b014be72cdf82879fe7ff585c8bc5683	d__Bacteria; p__Firmicutes; c__Clostridia; o__Lachnospirales; f__Lachnospiraceae; g__Lachnospiraceae_UCG-004	0.843450732
ae6b32e9cb9dba1697af2443cbe203e0	d__Bacteria; p__Firmicutes; c__Clostridia; o__Oscillospirales; f__Oscillospiraceae; g__Colidextribacter	0.887154754
a4997bdd588f8f705261d8d96193db4d	d__Bacteria; p__Firmicutes; c__Clostridia; o__Oscillospirales; f__Oscillospiraceae; g__Flavonifractor	0.999083204
df4e5dbc4edb6f50162a8a0623a4e833	Unassigned	0.826981616
67b9ea73b2ca85f61b256a3aee22231a	d__Bacteria; p__Firmicutes; c__Clostridia; o__Lachnospirales; f__Lachnospiraceae; g__Agathobacter	0.706374246
93a61a818240e375d212ed29e29b31dd	d__Bacteria; p__Proteobacteria; c__Gammaproteobacteria; o__Burkholderiales; f__Sutterellaceae; g__Sutterella; s__gut_metagenome	0.971882637
2072c471b5cc388e65ec5799b2004085	d__Bacteria; p__Firmicutes; c__Clostridia; o__Lachnospirales; f__Lachnospiraceae	0.999989811
dce8a0f2b908a91061e0ca04e48bb853	Unassigned	0.80627025
b0f90d48c7168b88bbbf3ba50cca3886	Unassigned	0.594212842
7dc26c072756e4ae43341b2fb2ded125	Unassigned	0.875018473
d5abfae168b89284f0dbb51f0bb0780d	Unassigned	0.919413032
16f80c8b532f2250bfbe8fedea6a3325	Unassigned	0.857924091
2f6ff9fca5469c4bc5e4b2ce2582c248	d__Bacteria; p__Proteobacteria; c__Gammaproteobacteria; o__Pasteurellales; f__Pasteurellaceae; g__Haemophilus	0.948699537
452e663796b158f79b329246b104df38	d__Bacteria; p__Firmicutes; c__Clostridia; o__Lachnospirales; f__Lachnospiraceae; g__Howardella; s__uncultured_organism	0.753165478
c68366722dadc6e963442ec38c7d90f7	d__Bacteria; p__Bacteroidota; c__Bacteroidia; o__Bacteroidales; f__Rikenellaceae; g__Alistipes; s__gut_metagenome	0.751099692
c023f9e967bdb2c7e2f8692253bfe3db	d__Bacteria; p__Proteobacteria; c__Gammaproteobacteria; o__Pasteurellales; f__Pasteurellaceae; g__Haemophilus	0.950429506
485aa2b3bab23ee01097661f1f7888fe	d__Bacteria; p__Firmicutes; c__Clostridia; o__Oscillospirales; f__Oscillospiraceae; g__UCG-003	0.983307046
c006d12786606860d7b857dced5a06df	Unassigned	0.75865947
efc4533eeab0f69d02453555a1589938	d__Bacteria; p__Firmicutes; c__Clostridia; o__Lachnospirales; f__Lachnospiraceae; g__Tyzzerella; s__Anaerotignum_lactatifermentans	0.866553433
609e9d8d5240e8f18b380aff4e8ce33f	d__Bacteria; p__Firmicutes; c__Clostridia; o__Lachnospirales; f__Lachnospiraceae; g__Blautia	0.978951344
3ac778c90c6cd205135ef4304826c134	Unassigned	0.690825919
ae04e0fdbdcd02c3af1606933f8f1694	Unassigned	0.890152107
562051e7fb5fe359bc473c353e298944	d__Bacteria; p__Firmicutes; c__Bacilli; o__Lactobacillales; f__Streptococcaceae; g__Streptococcus; s__Streptococcus_salivarius	0.812869012
81082711d28cdc24f31a2895e32e88bf	Unassigned	0.92205481
9e27e21141c4d9e069cf10c0f806c613	d__Bacteria; p__Firmicutes; c__Negativicutes; o__Veillonellales-Selenomonadales; f__Veillonellaceae; g__Veillonella	0.999999803
9a559d26bf247718f5780e12626b1562	Unassigned	0.911548494
9ea0306ced78b853e860cfca7d9420d4	Unassigned	0.913741218
e36b59ff4dcd61bb5a856ae177fc66dc	d__Bacteria; p__Firmicutes; c__Clostridia; o__Oscillospirales; f__Butyricicoccaceae; g__Butyricicoccus; s__Butyricicoccus_sp.	0.834530398
15c5b3b9b4becf9929494d2e86007046	d__Bacteria; p__Firmicutes; c__Clostridia; o__Oscillospirales; f__Ruminococcaceae; g__[Eubacterium]_siraeum_group	0.987984796
f5e3c1407f8e3402c74de67e2a023eb2	Unassigned	0.81999284
ec9c0414b81f5bf7a2273397de4f8d9f	Unassigned	0.577099992
3456ac946a20de05a0b043be908c126b	Unassigned	0.793653422
bd9fe559ddb00242ac8e87560ba3fabd	Unassigned	0.897992487
271544defc68a14b8133b3ae2aff2ac1	d__Eukaryota	0.889126505
24214b9d69bcd9157c55c743987f53f9	d__Eukaryota	0.84793081
a80927f451604e16a367d08245e58d4c	Unassigned	0.808026843
c57658d08cf2498c6ae5fc73cbba972b	Unassigned	0.685335065
6b1fbf24c0ab009ecfcd7411883bc204	Unassigned	0.782188907
893a57043d8f1c5794ff9eb36abeba0e	d__Bacteria; p__Bacteroidota; c__Bacteroidia; o__Bacteroidales; f__Rikenellaceae; g__Alistipes; s__Bacteroides_sp.	0.714806324
7963070cc30dcad76e69b68877bd3bb1	d__Bacteria; p__Firmicutes; c__Clostridia; o__Oscillospirales; f__Oscillospiraceae; g__uncultured	0.920595013
7d05292c96d83509926699c2c1e0247f	Unassigned	0.92205245
91621bdf741faf9f6b29c0b31dbd4763	d__Bacteria; p__Firmicutes; c__Clostridia; o__Lachnospirales; f__Lachnospiraceae; g__Roseburia	0.734721177
d7c790f59224437860c2d759eacdfee7	d__Eukaryota	0.951059342
4d0d2498ec3fee981506919a77bc4aea	d__Bacteria; p__Firmicutes; c__Clostridia; o__Peptostreptococcales-Tissierellales; f__Peptostreptococcaceae; g__Terrisporobacter	0.997636597
4d368a5b0d0f496a37e2450ee868b04e	Unassigned	0.872437379
f73265942ea38f5c707eaf3dbcf1776c	d__Bacteria; p__Firmicutes; c__Negativicutes; o__Veillonellales-Selenomonadales; f__Veillonellaceae; g__Veillonella	0.999999859
f5332de5f426818d69a32c32061fe090	Unassigned	0.301952502
46a6af84945c2260766a9af87ada5cc3	Unassigned	0.909042777
bc746bd34dd5553268e3d0436fb98839	d__Bacteria; p__Firmicutes; c__Clostridia; o__Peptostreptococcales-Tissierellales; f__Peptostreptococcaceae; g__Romboutsia	0.923032777
3845421d70e85b86afe2686f68793ce7	Unassigned	0.838040018
7d677682ab928dbedf9a241768d655f9	d__Eukaryota	0.856965812
d124d62952cfd4b669d278da4315ee46	d__Bacteria; p__Firmicutes; c__Clostridia; o__Oscillospirales; f__Oscillospiraceae; g__Flavonifractor	0.744329342
728de4f685d3e4bbda4768c69113cac6	Unassigned	0.910688893
6fa47d10151eafeba8fdc85fd0d27797	Unassigned	0.861958762
6f13b3b2ec6291875d0df3b54dc5f8c6	Unassigned	0.873227522
c954825f17df9cdbf11eb505c67d572e	Unassigned	0.744823337
3e6624eaae22868a72a9130f025e6eb5	Unassigned	0.715101549
3b009048020ee149def99e8fa6f13dd0	d__Bacteria; p__Actinobacteriota; c__Coriobacteriia; o__Coriobacteriales; f__Coriobacteriales_Incertae_Sedis; g__uncultured; s__gut_metagenome	0.952045653
a9a37ca66df89964477079814781c67e	d__Bacteria; p__Firmicutes; c__Clostridia; o__Oscillospirales; f__Ruminococcaceae	0.946192157
00f7e61620fda3181f519ddefd1b6d4b	Unassigned	0.57534657
5f98214b3ea8bd6a2490cd2f46f0b5af	d__Bacteria; p__Bacteroidota; c__Bacteroidia; o__Bacteroidales; f__Rikenellaceae; g__Alistipes; s__Alistipes_timonensis	0.877166297
17eacff421b30cefbd3443882c8d3cec	Unassigned	0.925059777
11f4019eeb07027df2e7972151ca43b7	d__Bacteria; p__Bacteroidota; c__Bacteroidia; o__Bacteroidales; f__Prevotellaceae; g__Prevotella; s__Prevotella_corporis	0.948683332
c5d55bd587d2bfc70c012c92a947fc2c	d__Bacteria; p__Firmicutes; c__Clostridia; o__Oscillospirales; f__Oscillospiraceae; g__Oscillibacter; s__human_gut	0.871998008
fbd2d3f5d8f5571000383cd438cfd7ae	d__Bacteria; p__Firmicutes; c__Clostridia; o__Lachnospirales; f__Lachnospiraceae; g__Lachnospiraceae_FCS020_group; s__uncultured_organism	0.908721416
3ad1ecc884ace1c773883e9ce31b4005	Unassigned	0.949991772
522e6c08b730a6ce4a7916abbea160b2	d__Bacteria; p__Firmicutes; c__Clostridia; o__Peptococcales; f__Peptococcaceae; g__Peptococcus; s__uncultured_organism	0.999800804
a0312fc42b3915592e6bb2716efc71fd	d__Bacteria; p__Bacteroidota; c__Bacteroidia; o__Bacteroidales; f__Marinifilaceae; g__Butyricimonas	0.999947864
79ab05b3a210726da05ded1b74fd3496	Unassigned	0.577915914
0a4e8589f6c6efe235ec729061ed8e1a	d__Bacteria; p__Firmicutes; c__Clostridia; o__Lachnospirales; f__Lachnospiraceae; g__Lachnoclostridium	0.923501939
a7a548db70fdcef69d5206586fe535f0	Unassigned	0.81079418
3d005f58d1547147e1ffd66d2c972895	d__Bacteria; p__Firmicutes; c__Clostridia; o__Oscillospirales; f__Oscillospiraceae	0.999589514
a0d32090553e6a269ef8e00b6cc82303	Unassigned	0.589886433
e84de0b1cc46d1e5a52120c97a2965c6	d__Bacteria; p__Firmicutes; c__Bacilli; o__Erysipelotrichales; f__Erysipelotrichaceae; g__Turicibacter	0.999999948
6aafac35189bf0407e8f99b07a0da5de	d__Bacteria; p__Firmicutes; c__Clostridia; o__Oscillospirales; f__Ruminococcaceae; g__uncultured	0.767518721
855bc699abdfadc12b0cd02ecd15f752	Unassigned	0.816376449
55e7bf7a78325cba43a3eb84689a9f9b	d__Bacteria; p__Bacteroidota; c__Bacteroidia; o__Bacteroidales; f__Muribaculaceae; g__Muribaculaceae; s__uncultured_bacterium	0.891259681
ec01404f9cfcd62de2c541f37226a43b	d__Eukaryota	0.832454844
9001f81ff1237e0ec4078fd1058dec8b	Unassigned	0.831717213
f9f27ddab58e0d8c2890ca5df2ad89b2	Unassigned	0.796405408
169362673a994e89cb2f8d8938b2e9ef	d__Bacteria; p__Firmicutes; c__Clostridia; o__Lachnospirales; f__Lachnospiraceae; g__[Eubacterium]_ventriosum_group	0.995037606
58d5a3b8f0ba809c586cfe2a7d719e02	d__Bacteria; p__Firmicutes; c__Clostridia; o__Peptostreptococcales-Tissierellales; f__Peptostreptococcaceae; g__Intestinibacter	0.939686553
dc2ca609a0fe414997b67129ad188761	d__Bacteria; p__Firmicutes; c__Clostridia; o__Oscillospirales; f__Butyricicoccaceae; g__UCG-009	0.999246537
840d7cc20c953dcac6aad5a26591935e	d__Bacteria; p__Firmicutes; c__Clostridia; o__Lachnospirales; f__Lachnospiraceae; g__Lachnospiraceae_UCG-004	0.72656658
052948931e8becbfd6a544d6d09e976b	d__Bacteria; p__Firmicutes; c__Clostridia; o__Lachnospirales; f__Lachnospiraceae; g__Blautia	0.990429881
ac5834d7d93c01de17c1e12e188f97b4	d__Bacteria; p__Firmicutes; c__Clostridia; o__Lachnospirales; f__Lachnospiraceae	0.999997606
ea80dd865136ac33e40b24b39235bc61	d__Bacteria; p__Bacteroidota; c__Bacteroidia; o__Bacteroidales; f__Muribaculaceae; g__Muribaculaceae	0.999959587
c63dae8c7c941b6350ef46812fdd3f36	d__Bacteria; p__Firmicutes; c__Clostridia; o__Oscillospirales; f__Ruminococcaceae; g__uncultured; s__human_gut	0.970269195
602cfba3bc2eacb48579ac1fe0ee1859	Unassigned	0.903869209
17f8e051fcc952f68ccaae2544afb729	Unassigned	0.468863263
c34254be6623252702415c7fbc83cfd1	Unassigned	0.833119224
384d40cb853c722a7961fa36ae88a71c	Unassigned	0.909068945
9f5458ddbcc6e43057f07190dce73cd4	d__Bacteria; p__Firmicutes; c__Clostridia; o__Oscillospirales; f__Oscillospiraceae; g__NK4A214_group	0.998052248
31e621a0c808ca4c75830ee894bddb78	d__Bacteria; p__Firmicutes; c__Clostridia; o__Christensenellales; f__Christensenellaceae; g__Christensenellaceae_R-7_group; s__uncultured_marine	0.995897804
4b19a2246e26fc2438285059b32168f5	d__Bacteria; p__Actinobacteriota; c__Actinobacteria; o__Bifidobacteriales; f__Bifidobacteriaceae; g__Bifidobacterium	0.999950026
23e5df735c6cbde8ed9992b1bcb237cc	Unassigned	0.882146194
44918bb05d0c23518d9fe503b03e9cca	d__Bacteria; p__Firmicutes; c__Clostridia; o__Oscillospirales; f__Ruminococcaceae; g__uncultured; s__human_gut	0.973929811
9e9e9db57466834980c29a94068d2e30	d__Bacteria; p__Firmicutes; c__Clostridia; o__Lachnospirales; f__Lachnospiraceae; g__[Eubacterium]_ventriosum_group	0.999350437
8c95e7dc6115f24d36b79f180c857f61	d__Bacteria; p__Firmicutes; c__Clostridia; o__Peptostreptococcales-Tissierellales; f__Peptostreptococcales-Tissierellales; g__Finegoldia	0.999999988
8b26ee5f9220aecb20cddfd1c725fb77	d__Bacteria; p__Firmicutes; c__Clostridia; o__Oscillospirales; f__Oscillospiraceae; g__Intestinimonas; s__Intestinimonas_butyriciproducens	0.997588896
d681ed3603e545f620c91a9f44786885	Unassigned	0.841632759
b6769d0e502ab9f0ed955921162e919c	d__Bacteria; p__Firmicutes; c__Clostridia; o__Lachnospirales; f__Lachnospiraceae	0.999996367
8b29e11fb9f0d99fb4bdb43d69c7ccf8	Unassigned	0.561356912
363d9c70d846fa25964a0da52b045068	d__Bacteria; p__Bacteroidota; c__Bacteroidia; o__Bacteroidales; f__Prevotellaceae; g__Prevotella; s__Prevotella_buccalis	0.999074819
1556aec147b9a88f48d351c26f9c864d	d__Bacteria; p__Firmicutes; c__Clostridia; o__Oscillospirales; f__Ruminococcaceae	0.99796512
20cf168edcf5e7cc1eb55fff031c1c48	Unassigned	0.91235617
d7e120b85f2a43af7b32c965c993226d	Unassigned	0.938085102
d4053a704216a22c88d9d5ad8b49d2ca	d__Bacteria; p__Firmicutes; c__Clostridia; o__Peptostreptococcales-Tissierellales; f__Peptostreptococcales-Tissierellales; g__Fenollaria; s__uncultured_bacterium	0.706031839
6ddad6632491dbd68376e343b493b680	d__Bacteria; p__Firmicutes; c__Clostridia; o__Lachnospirales; f__Lachnospiraceae	0.999998634
245586aab658e211b706042bc70b8684	d__Eukaryota	0.938256101
8094db0256d184a7c820c7b791daf5af	Unassigned	0.767299599
f2934a50d6570c9afb0661165f7e44be	d__Bacteria; p__Firmicutes; c__Clostridia; o__Lachnospirales; f__Lachnospiraceae	0.999984121
6e0ec7866facbe4a84a63244619d9caa	d__Bacteria; p__Firmicutes; c__Bacilli; o__Lactobacillales; f__Streptococcaceae; g__Streptococcus; s__Streptococcus_salivarius	0.842238866
5efb83e6cb02c98413c7bf09bd768757	Unassigned	0.69106131
2fa9557b6a410deab09d9a4fda4ebfb4	d__Bacteria; p__Bacteroidota; c__Bacteroidia; o__Bacteroidales; f__Muribaculaceae; g__Muribaculaceae; s__uncultured_bacterium	0.78126273
82e29bc52e60da908bf9d97cfa4d61d2	d__Bacteria; p__Firmicutes; c__Clostridia; o__Oscillospirales; f__Ruminococcaceae; g__Negativibacillus; s__uncultured_bacterium	0.961298287
73c96bbc28075c6a5528a8e62fccffe9	d__Eukaryota	0.786832219
50cb8bf27cd27e68f81abc8a170d81e6	d__Eukaryota	0.904851314
f4b1fc18b91422281080c8b6331c8da4	Unassigned	0.886407187
d3e13e62a8b7421c2f68ae203918114d	d__Bacteria; p__Firmicutes; c__Clostridia; o__Peptostreptococcales-Tissierellales; f__Anaerovoracaceae	0.998544742
0d9f2f2b944a59dc2a756434749955c7	Unassigned	0.902318323
5893d8bc597a8ea0be759892f0671e39	Unassigned	0.822419122
99d028f634953bdd4618777019a19e87	Unassigned	0.744193132
f80f1c5e1db985793ed71d97f1f03487	Unassigned	0.95743795
e809a1918c8fabe2225a134348e2535b	d__Bacteria; p__Firmicutes; c__Clostridia; o__Lachnospirales; f__Lachnospiraceae	0.999838038
82b820b1ab6c56cf9182fbfffc3d2d21	Unassigned	0.747760066
1269726a892e5cbd031ecde34c7fc730	Unassigned	0.890494139
5a0f193c56e36395c2494176e8cf0f18	d__Bacteria; p__Firmicutes; c__Clostridia; o__Oscillospirales; f__Oscillospiraceae; g__UCG-005	0.773676638
043f4af62096b3139126f5e42aa7fe90	d__Bacteria; p__Firmicutes; c__Clostridia; o__Oscillospirales; f__Ruminococcaceae; g__UBA1819; s__uncultured_organism	0.727930061
ec3dc9c5056d2e302d0a02641442c261	Unassigned	0.920704355
8c5f156ff2a5ebea2b94f91618012b44	d__Eukaryota	0.892849389
e0574962f08c05141daaae9605a7dea7	d__Bacteria; p__Fusobacteriota; c__Fusobacteriia; o__Fusobacteriales; f__Fusobacteriaceae; g__Fusobacterium	0.999999975
8c6bda2f2d2073be4c62b2cc8ebd261d	d__Bacteria; p__Firmicutes; c__Clostridia; o__Oscillospirales; f__Butyricicoccaceae; g__Butyricicoccus; s__uncultured_bacterium	0.770082176
2a650a5ba5340413e54838e10c53a10d	Unassigned	0.808855908
d370bdf08735c0c66d9d65d4edfdee2b	d__Bacteria; p__Firmicutes; c__Clostridia; o__Peptostreptococcales-Tissierellales; f__Peptostreptococcales-Tissierellales; g__Ezakiella	1
fb4340d712e274f6489845cf2bb54922	d__Bacteria; p__Firmicutes; c__Clostridia; o__Oscillospirales; f__Oscillospiraceae; g__Oscillibacter	0.99128788
db8cadf06d325003d803c473bf6f78ec	Unassigned	0.852762036
45bc5f2516312c2a44033e8de9dec626	Unassigned	0.777673787
7c638990d6b7b1d53eb75ce834de8f91	d__Bacteria; p__Firmicutes; c__Clostridia; o__Peptostreptococcales-Tissierellales; f__Anaerovoracaceae; g__[Eubacterium]_nodatum_group; s__uncultured_bacterium	0.828396263
079cf372ad716945f4d00f35e937435f	d__Bacteria; p__Firmicutes; c__Clostridia; o__Oscillospirales; f__Ruminococcaceae; g__Anaerofilum	0.999958938
59ed8d3d006fc378c4d7b8336ee31c7c	d__Bacteria; p__Firmicutes; c__Clostridia; o__Lachnospirales; f__Lachnospiraceae	0.99795617
9de57c1e718a2efd8f6ef81e5ed0e9a0	d__Bacteria; p__Desulfobacterota; c__Desulfovibrionia; o__Desulfovibrionales; f__Desulfovibrionaceae; g__uncultured	0.851110095
3798f6fbbd768083f6954ff2204ff3c4	d__Bacteria; p__Firmicutes; c__Clostridia; o__Christensenellales; f__Christensenellaceae; g__uncultured; s__uncultured_bacterium	0.907751469
7f532bac618d18e6542783657bc17401	Unassigned	0.858719895
b3a00218da49a5505e49e3e96788815d	d__Bacteria; p__Firmicutes; c__Clostridia; o__Lachnospirales; f__Lachnospiraceae; g__Lachnoclostridium	0.981989364
454df497e2d2d9cef13e2d5ce298eeb5	Unassigned	0.908838698
d908b1d36e0adb7b2cf2017968aaccef	d__Bacteria; p__Fusobacteriota; c__Fusobacteriia; o__Fusobacteriales; f__Fusobacteriaceae; g__Fusobacterium	0.9999946
83f9e97aebae1e9eabfa9d1424544bc0	d__Bacteria; p__Firmicutes; c__Clostridia; o__Peptococcales; f__Peptococcaceae; g__uncultured; s__unidentified	0.990538189
1fbb04cf8c95f82b77134b51b8df0526	Unassigned	0.977388407
ae709c95ab98ec5e7a0dc85e16dd8c25	Unassigned	0.868628078
81cb7b99fd2c0c4cb69f2ba66cc3f8d3	Unassigned	0.863375707
d2003a4ad4472f182eb6985a1bf090e0	Unassigned	0.750481392
8e095788cf43172ca1e87eb1475ac879	Unassigned	0.94172789
72cd9aec0554cad07767d58965c79e1b	d__Bacteria; p__Firmicutes; c__Clostridia; o__Oscillospirales; f__Oscillospiraceae; g__Colidextribacter; s__gut_metagenome	0.720479903
509241cce1c1ce0e3014b76c4acb4f15	d__Bacteria; p__Firmicutes; c__Clostridia; o__Oscillospirales; f__[Clostridium]_methylpentosum_group; g__[Clostridium]_methylpentosum_group; s__Ruminococcus_sp.	0.807761498
1531aa1f30af6cede0c3a057bb135d84	d__Eukaryota	0.721901016
f65ee0d1a2fc12982eb497df24b86646	Unassigned	0.51517423
d94b50ab3b770e0679503f37d97a40c5	d__Bacteria; p__Firmicutes; c__Clostridia; o__Lachnospirales; f__Lachnospiraceae; g__Lachnospiraceae_UCG-004	0.755517335
7a4ac99186677081f9d8fd5ba62ad292	Unassigned	0.662331862
1587b5175a52f325d2e5265235a9fd38	d__Bacteria; p__Firmicutes; c__Bacilli; o__Erysipelotrichales; f__Erysipelotrichaceae; g__Holdemania; s__uncultured_bacterium	0.867186536
2022eb879c9b99cde6025611a9e5129c	Unassigned	0.803243425
6b20095934d2b4ee49c11ef646df3a57	Unassigned	0.868917878
6db3f7006c430aa44a722741b97bf5c1	Unassigned	0.947936669
1a97d530a38185368b22f9acd71bd099	d__Bacteria; p__Firmicutes; c__Clostridia; o__Oscillospirales; f__Ruminococcaceae	0.934269991
3200b5b5fb97ec1ae79a3fd2de27c188	d__Bacteria; p__Firmicutes; c__Clostridia; o__Lachnospirales; f__Lachnospiraceae	0.999999311
97bb2ad22c1796938fd7e3ef1945f7c0	Unassigned	0.843707702
416ca184282040abefce7f52cf34fede	d__Bacteria; p__Firmicutes; c__Clostridia; o__Peptostreptococcales-Tissierellales; f__Anaerovoracaceae; g__[Eubacterium]_nodatum_group; s__uncultured_bacterium	0.760855221
a426dd7aca92a84a75091a2c294169d5	Unassigned	0.790253579
3fc00aa96271d2b2b22635b989b32336	Unassigned	0.833816143
eee33d4856d62d60670978713fe8f20b	d__Bacteria; p__Firmicutes; c__Clostridia; o__Lachnospirales; f__Lachnospiraceae; g__GCA-900066575	0.96883314
3e00c9520ada37c0e2eed39dd32477d8	d__Bacteria; p__Bacteroidota; c__Bacteroidia; o__Bacteroidales; f__Prevotellaceae; g__Prevotella; s__Prevotella_disiens	0.999997844
550dbe4f5b6e5d71ce6c5a775fdabf4b	d__Bacteria; p__Firmicutes; c__Clostridia; o__Oscillospirales; f__Ruminococcaceae; g__DTU089	0.999993609
2c8fa9ad733b5208d5f7c94a6a9bd07d	d__Bacteria; p__Bacteroidota; c__Bacteroidia; o__Bacteroidales; f__Prevotellaceae; g__Prevotella; s__Prevotella_bergensis	0.999990556
085059e4313749b06b40c490551ce5c1	Unassigned	0.622602043
c981c9a4b24c51941bb894197c97f0b1	d__Bacteria; p__Firmicutes; c__Clostridia; o__Lachnospirales; f__Lachnospiraceae; g__Lachnospiraceae_ND3007_group; s__uncultured_bacterium	0.772225149
5db1b728a2cc2916b74aec9343539dc5	d__Bacteria; p__Bacteroidota; c__Bacteroidia; o__Bacteroidales; f__Muribaculaceae; g__Muribaculaceae; s__uncultured_bacterium	0.870614117
0dc4e8fb988b25d3dbc1a58cb69a7a3f	d__Eukaryota	0.868812377
2f4c6ed98c9c169e7813345510426d16	d__Bacteria; p__Firmicutes; c__Clostridia; o__Christensenellales; f__Christensenellaceae; g__uncultured	0.998690619
4a3401b254467ce4161e4f1e4895e023	d__Bacteria; p__Firmicutes; c__Clostridia; o__Oscillospirales; f__Ruminococcaceae; g__uncultured; s__uncultured_bacterium	0.716465418
2d2b3e31bdcf425994b417fdbbbac762	d__Bacteria; p__Firmicutes; c__Clostridia; o__Oscillospirales; f__Oscillospiraceae; g__uncultured	0.809623454
f79700e94e797642d7b7218680c8fa57	Unassigned	0.804402848
0b600938a121e7d7fc30858a004e4817	Unassigned	0.790586075
2f99be22ed77943f676f787298ffe91b	Unassigned	0.667743954
4d75521811492b6a2c94b494ff98b29a	Unassigned	0.915979669
f3da2fec833f6f8576a8203d45d5b97e	d__Bacteria; p__Proteobacteria; c__Gammaproteobacteria; o__Burkholderiales; f__Oxalobacteraceae	0.998134261
497f9720fb3bef9d9030195254e5736c	d__Bacteria; p__Firmicutes; c__Clostridia; o__Oscillospirales; f__Ruminococcaceae; g__Anaerotruncus; s__Anaerotruncus_sp.	0.996007551
0a5115b4718101fbe194d29b0dcf31aa	d__Eukaryota	0.862909208
857fadb8de921e5f3f25edb91cd558cc	d__Bacteria; p__Firmicutes; c__Clostridia; o__Peptostreptococcales-Tissierellales; f__Anaerovoracaceae; g__Family_XIII_AD3011_group; s__uncultured_bacterium	0.771923571
0ffa39ee64386085c0f94ea57b194291	d__Bacteria; p__Firmicutes; c__Bacilli; o__Erysipelotrichales; f__Erysipelatoclostridiaceae; g__Erysipelatoclostridium; s__[Clostridium]_spiroforme	0.935604364
876c8fc1362df051268fc4edc4fc3e4f	Unassigned	0.881412138
9eac1ba3fc3abb0e7c678ac258ad3c76	Unassigned	0.704363188
d2eb36d66560b77579371fbc699948fb	d__Eukaryota	0.872534074
0e4e153dd338699f7bf8f5eb47d286d4	Unassigned	0.763500972
3494f6f52782abb9bd315a394c9f8abf	d__Bacteria; p__Firmicutes; c__Clostridia; o__Oscillospirales; f__Ruminococcaceae; g__Phocea	0.998113172
07d640165531f08c4b66655f6d3a135e	d__Bacteria; p__Firmicutes; c__Bacilli; o__Erysipelotrichales; f__Erysipelotrichaceae; g__Dielma; s__Dielma_fastidiosa	0.844312896
6ad26d01a262039da9a690b101f1063c	Unassigned	0.937817149
6536eceab57abaaaf06c5082808b39ba	Unassigned	0.869669656
ed69b46c4b940db8cd936142acf88856	d__Bacteria; p__Firmicutes; c__Negativicutes; o__Veillonellales-Selenomonadales; f__Veillonellaceae; g__Dialister; s__Dialister_micraerophilus	0.997664412
ad90e4ec67b66a022772a123613c4eb5	Unassigned	0.888033051
9ca82d261ec620aaa08c872fdbd79eb1	d__Bacteria; p__Firmicutes; c__Clostridia; o__Oscillospirales; f__Oscillospiraceae; g__Oscillibacter	0.991475123
43495fd19cdc408d9010f5468bf92e63	d__Eukaryota	0.89391883
6c3f16badb26ff0cffa3c88073162978	d__Bacteria; p__Firmicutes; c__Clostridia; o__Lachnospirales; f__Lachnospiraceae; g__Lachnoclostridium	0.981241531
55e128ca799c742312c4f76ab02784c4	Unassigned	0.319847249
676aa56cfcf6e954a1235cd32a66aabd	Unassigned	0.858580254
621fbaf24481e7f4e02b957793bc05fa	d__Bacteria; p__Proteobacteria; c__Gammaproteobacteria; o__Burkholderiales; f__Oxalobacteraceae; g__Oxalobacter	0.748794742
c5dff08a94815e4e567cc15de1a210c0	d__Bacteria; p__Bacteroidota; c__Bacteroidia; o__Bacteroidales; f__Bacteroidaceae; g__Bacteroides	0.999537327
8ed31a9e941b101bf98c62fbf793eb1c	d__Bacteria; p__Firmicutes; c__Clostridia; o__Peptostreptococcales-Tissierellales; f__Anaerovoracaceae; g__[Eubacterium]_brachy_group; s__uncultured_bacterium	0.998811073
25f7174b0401a60f0675b206f9557687	d__Bacteria; p__Desulfobacterota; c__Desulfovibrionia; o__Desulfovibrionales; f__Desulfovibrionaceae; g__Desulfovibrio; s__Desulfovibrio_fairfieldensis	0.73922622
abe09db4c7a5f298c633b934f332e10e	d__Bacteria; p__Firmicutes; c__Clostridia; o__Oscillospirales; f__Ruminococcaceae; g__uncultured	0.830197375
15134d2c05190164178bd56f0044985a	d__Bacteria; p__Firmicutes; c__Clostridia; o__Lachnospirales; f__Lachnospiraceae; g__GCA-900066575; s__uncultured_bacterium	0.913540941
668ab45b1c924d817127ce32f1c758f5	Unassigned	0.870501149
96cdc11afb3655fe3a55aadb61c52315	d__Bacteria; p__Firmicutes; c__Clostridia; o__Oscillospirales; f__Ruminococcaceae; g__Candidatus_Soleaferrea; s__uncultured_bacterium	0.831699983
cd03f0c6a2df3c7f374b00aab9849a43	d__Eukaryota	0.795280864
c0e68582d04fd29d8c2a9ed8cdd8219a	d__Bacteria; p__Firmicutes; c__Clostridia; o__Christensenellales; f__Christensenellaceae; g__uncultured; s__uncultured_bacterium	0.912874346
c6ef8537a97edb491e424dfb8575dcb9	Unassigned	0.831472011
7775bbd6b0e5c4ea596931cf6ae03800	Unassigned	0.898423076
1afe7ba1f7b92f80dfb7fa593afb1b4c	Unassigned	0.73121774
d22da0a124ee87140fc42342ce93f3a9	d__Bacteria; p__Firmicutes; c__Clostridia; o__Clostridia_vadinBB60_group; f__Clostridia_vadinBB60_group; g__Clostridia_vadinBB60_group; s__uncultured_bacterium	0.701205621
eb1de4e3fd1adb0f9dff98ab35e40a4a	d__Bacteria; p__Firmicutes; c__Clostridia; o__Oscillospirales; f__Ruminococcaceae; g__Candidatus_Soleaferrea; s__Ruminococcaceae_bacterium	0.998734665
5c2fe9aef2a65c7527f60102a592ed69	d__Bacteria; p__Firmicutes; c__Clostridia; o__Oscillospirales; f__Ruminococcaceae	0.795101112
8884a6b45bb900b87c7a4c8e66237635	Unassigned	0.965944895
60c7af9f77b17610b3478d055dcf1015	Unassigned	0.902575552
477ac66f8861e61fe7fd5e4576e32adc	d__Bacteria; p__Firmicutes; c__Clostridia; o__Christensenellales; f__Christensenellaceae; g__uncultured; s__uncultured_bacterium	0.94036887
cd9bd29c618d1901fab2014520c667ad	d__Eukaryota	0.928809586
4aa4f52381f6efc84adcb820e00acbfb	d__Bacteria; p__Firmicutes; c__Bacilli; o__Lactobacillales; f__Lactobacillaceae; g__Lactobacillus	0.999960596
18ca0734ab09e32255d01cd9c14846db	Unassigned	0.855406311
0178d79bd0fb46be2decf65b9808c797	d__Bacteria; p__Firmicutes; c__Clostridia; o__Eubacteriales; f__Anaerofustaceae; g__Anaerofustis; s__Anaerofustis_stercorihominis	0.994008366
00a9adca3f995f30d81bccf384f657e4	Unassigned	0.499946945